|Garnir_relations|,|0|
|Behind_Enemy_Lines_(band)|,|0|
|Thorbjørn_Egners_lesebøker|,|0|
|Free_monoid|,|0|
|Kajona|,|0|
|Jucys–Murphy_element|,|0|
|Directed_individual_study|,|0|
|Rafael_Irizarry_(scientist)|,|0|
|Central_African_Republic|,|0|
|Herman_of_Alaska|,|0|
|Verrückt_(water_slide)|,|0|
|MaxCliqueDyn_maximum_clique_algorithm|,|0|
|Dol_Ammad|,|0|
|Pungent_Stench|,|0|
|Kalhora|,|0|
|High_entropy_alloys|,|0|
|Total_Immersion_Racing|,|0|
|Balankanche|,|0|
|Close_to_You_(Maxi_Priest_song)|,|0|
|Technology_transfer_in_computer_science|,|0|
|Arctic_Research_Foundation|,|0|
|Mathematical_fallacy|,|0|
|Gilbert_model|,|0|
|Energy_medicine|,|0|
|Nexus_5X|,|0|
|Brothers_Hildebrandt|,|0|
|Lovin'_Is_Really_My_Game|,|0|
|Officer|,|0|
|Computing_with_Memory|,|0|
|Oahspe:_A_New_Bible|,|0|
|Cdist|,|0|
|Steigerkopf|,|0|
|Isuzu_117_Coupé|,|0|
|Parker_immunity_doctrine|,|0|
|Lesya|,|0|
|North_Palisade|,|0|
|Conrad_of_Parzham|,|0|
|Raking_light|,|0|
|I_Love_You_(Martina_McBride_song)|,|0|
|24_Boötis|,|0|
|Dancing_in_the_Streets|,|0|
|AI_Bridging_Cloud_Infrastructure|,|0|
|Road_to_Emmaus_appearance|,|0|
|Bratschen|,|0|
|Ordered_dithering|,|0|
|Female_entrepreneurs|,|0|
|Regional_Data_Exchange_System|,|0|
|Landmark_Worldwide|,|0|
|Midpoint_(astrology)|,|0|
|Athletics_record_progressions|,|0|
|Dream_argument|,|0|
|Google_litigation|,|0|
|Analog-to-digital_converter|,|0|
|Master_of_the_Buckhounds|,|0|
|IPO_model|,|0|
|Coxeter_notation|,|0|
|Platform-independent_GUI_library|,|0|
|Orange_Goblin|,|0|
|Boss_Doctor_Rhythm_DR-110|,|0|
|Human_biocomputer|,|0|
|Longest_English_sentence|,|0|
|Simpsonite|,|0|
|Ford_Super_Duty|,|0|
|Lira_da_braccio|,|0|
|Dantzig–Wolfe_decomposition|,|0|
|Crisis_communication|,|0|
|Kolakeia|,|0|
|Deep_operation|,|0|
|Isotonic_regression|,|0|
|Runge's_theorem|,|0|
|Jenny_LeClue|,|0|
|Jokgu|,|0|
|Fiddler's_Green|,|0|
|Mokshopaya|,|0|
|Channel_Orange|,|0|
|Institute_for_the_Study_of_Economic_and_Social_Development|,|0|
|James_Walbourne|,|0|
|Anvil_of_Doom|,|0|
|CELAR|,|0|
|Bhuikhel|,|0|
|Richard_and_Linda_J._Eyre|,|0|
|Ternary_computer|,|0|
|Erotic_art_in_Pompeii_and_Herculaneum|,|0|
|Schur_multiplier|,|0|
|Artificial_photosynthesis|,|0|
|2093_Genichesk|,|0|
|The_Christopher_Street_Connection|,|0|
|Paleo-Balkan_mythology|,|0|
|The_Ceasars|,|0|
|Bernheim_Arboretum_and_Research_Forest|,|0|
|Ishikism|,|0|
|Grammy_Award_for_Best_Hard_Rock/Metal_Performance_Vocal_or_Instrumental|,|0|
|Aggregative_Contingent_Estimation_(ACE)_Program|,|0|
|PPML|,|1|
|Anatomical_terms_of_location|,|0|
|Arctic_and_Antarctic_Research_Institute|,|0|
|Methods_of_computing_square_roots|,|0|
|Ain't_Nothing_'bout_You|,|0|
|Digital_economy_rankings|,|0|
|YAML|,|1|
|Flat_panel_detector|,|0|
|Bush_tomato|,|0|
|Ocean_Drive_(Duke_Dumont_song)|,|0|
|Planeta_No|,|0|
|Doldrums|,|0|
|The_Alice_Rose|,|0|
|Vorticity_confinement|,|0|
|Statement_(computer_science)|,|0|
|Ginkgo_CADx|,|0|
|Clockmaker|,|0|
|Duenos_inscription|,|0|
|European_Newspaper_Award|,|0|
|CimTrak|,|0|
|Erdős–Rado_theorem|,|0|
|Richard_Alley|,|0|
|Species|,|0|
|Ergodic_sequence|,|0|
|Pin_prick_attack|,|0|
|Java_Caps|,|0|
|Brian_Conrad|,|0|
|Makani_Power|,|0|
|Onogoro_Island|,|0|
|Viathyn|,|0|
|Okun's_law|,|0|
|Colonel_Tomb|,|0|
|Nepotism|,|0|
|Eye_of_the_Tiger|,|0|
|Framework_Programmes_for_Research_and_Technological_Development|,|0|
|Origen|,|0|
|Great_Work|,|0|
|Snooker_world_rankings_2015/2016|,|0|
|Gender_and_development|,|0|
|Filial_mourning|,|0|
|Dirichlet_process|,|0|
|Geist|,|0|
|Cockpit_display_system|,|0|
|Strobiloideae|,|0|
|Ophiuchus|,|0|
|Moral_hierarchy|,|0|
|Metaplectic_group|,|0|
|Surdo|,|0|
|White_Knuckle_Ride|,|0|
|CONADI|,|0|
|Colossal_red_granite_statue_of_Amenhotep_III|,|0|
|Yerbatero|,|0|
|KXDocker|,|0|
|No_One_Like_You|,|0|
|Pärlor_åt_svin|,|0|
|1987_Kaplan|,|0|
|Combined_DNA_Index_System|,|0|
|Nurse_stereotypes|,|0|
|Cryptophasia|,|0|
|Return_to_Mysterious_Island_2|,|0|
|PROSITE|,|0|
|Software-defined_data_center|,|0|
|Java_Decompiler|,|0|
|TZ_Cassiopeiae|,|0|
|World_record_progression_track_cycling_–_Men's_1_km_time_trial|,|0|
|Web_Compatibility_Test_for_Mobile_Browsers|,|0|
|Self_(programming_language)|,|1|
|Box_modeling|,|0|
|Service_layer|,|0|
|Sotoarc|,|0|
|Cube_of_Space|,|0|
|Google_Translate|,|0|
|Dye_3|,|0|
|Böhm_tree|,|0|
|Dryopteris_aemula|,|0|
|Evolved_antenna|,|0|
|Buddhism_and_evolution|,|0|
|Woodward_effect|,|0|
|Primerica|,|0|
|Belovezhskaya_Pushcha_National_Park|,|0|
|Ones'_complement|,|0|
|Alfonso_Fróilaz|,|0|
|Square_lattice|,|0|
|Phantasmagoria|,|0|
|Illusion|,|0|
|Church_of_Hakeem|,|0|
|SlickEdit|,|0|
|Immortality|,|0|
|Anselm_of_Besate|,|0|
|Undergraduate_research|,|0|
|Technology_of_television|,|0|
|UIQ|,|0|
|CasADi|,|0|
|Humf|,|0|
|Apache_iBATIS|,|0|
|Ledger_Wood|,|0|
|Multilinear_polynomial|,|0|
|Abelian_integral|,|0|
|Hercolubus|,|0|
|Organizational_culture|,|0|
|NGC_3918|,|0|
|Maximal_torus|,|0|
|Sir,_You_Are_Being_Hunted|,|0|
|Evolution@Home|,|0|
|StarCraft_II:_Legacy_of_the_Void|,|0|
|Qatma|,|0|
|Seiberg_duality|,|0|
|Artephius|,|0|
|Yemenite_Children_Affair|,|0|
|Canto_(news_aggregator)|,|0|
|South_Deccan_Plateau_dry_deciduous_forests|,|0|
|Behkadeh_Raji|,|0|
|Heuristics_in_judgment_and_decision-making|,|0|
|Civilization_V:_Brave_New_World|,|0|
|Rappelz|,|0|
|Radio_y_Televisión_Martí|,|0|
|Addie_L._Ballou|,|0|
|Last_call_(bar_term)|,|0|
|Galois_cohomology|,|0|
|Stephen_Altschul|,|0|
|Role-playing|,|0|
|Nancy_Drew:_The_Deadly_Device|,|0|
|Demographics_of_the_member_states_of_the_Organisation_of_Islamic_Cooperation|,|0|
|Advanced_combat_direction_system|,|0|
|Brave_(2018_book)|,|0|
|D3web|,|0|
|Arthur_J._Finkelstein|,|0|
|Stereotypes_of_groups_within_the_United_States|,|0|
|Messier_21|,|0|
|Mount_Greylock|,|0|
|Rohit_(caste)|,|0|
|Characters_of_Myst|,|0|
|Graph_drawing|,|0|
|Expert|,|0|
|Illusory_superiority|,|0|
|Landed_gentry|,|0|
|Turing's_proof|,|0|
|Old_Master|,|0|
|Zero-forcing_precoding|,|0|
|Underwater_searches|,|0|
|Adorcism|,|0|
|Machiavellian_intelligence|,|0|
|Liouville_number|,|0|
|Slovakia|,|0|
|Ohio_Versus_Everything|,|0|
|Pop-up_maps|,|0|
|Video_compression_picture_types|,|0|
|Battlefield_2142|,|0|
|Completely-S_matrix|,|0|
|Mallotus_philippensis|,|0|
|Supertaster|,|0|
|European_Nucleotide_Archive|,|0|
|Talladega_(song)|,|0|
|Dodge_St._Regis|,|0|
|Jagadguru_Kripalu_Parishat|,|0|
|Chaim_Noll|,|0|
|Logia|,|0|
|Hertzsprung–Russell_diagram|,|0|
|Tenement_(band)|,|0|
|Single_particle_analysis|,|0|
|Oscillator_sync|,|0|
|2937_Gibbs|,|0|
|Phelim_Boyle|,|0|
|The_Secret_Saturdays|,|0|
|Eta_Aquarii|,|0|
|A_Girl_Like_You_(Edwyn_Collins_song)|,|0|
|Heteromerae|,|0|
|Glory_to_Ukraine|,|0|
|Flying_monkeys_(psychology)|,|0|
|Darkness_in_El_Dorado|,|0|
|GNU_arch|,|0|
|Traceroute_(film)|,|0|
|Erdős–Mordell_inequality|,|0|
|Jorge_Orta_(artist)|,|0|
|Deterministic_context-free_grammar|,|0|
|History_monoid|,|0|
|NGC_6124|,|0|
|I'm_Not_the_Only_One|,|0|
|Don't_Go_(Wretch_32_song)|,|0|
|Mobile_asset_management|,|0|
|Dagobah|,|0|
|Team_Role_Inventories|,|0|
|SCIgen|,|0|
|Mathomatic|,|0|
|Star_Wars_Forces_of_Destiny|,|0|
|Vernacular|,|0|
|Kappa_Columbae|,|0|
|Magical_motto|,|0|
|COPASI|,|0|
|Outline_of_Swaziland|,|0|
|Train_whistle|,|0|
|Rho_Leonis|,|0|
|Dsign_Music|,|0|
|Memory_work|,|0|
|Whitewash_(sport)|,|0|
|2114_Wallenquist|,|0|
|1DayLater|,|0|
|Videokymography|,|0|
|Fischer_group_Fi24|,|0|
|Gravitational_interaction_of_antimatter|,|0|
|It's_Raining_Men|,|0|
|Kurt_Hummel|,|0|
|NGC_64|,|0|
|Teach_Me_Again|,|0|
|Zagar_Mengal|,|0|
|Index_Filicum|,|0|
|Grammy_Award_for_Best_Roots_Gospel_Album|,|0|
|Communism|,|0|
|Aqualung_(software)|,|0|
|Tattva_(Jainism)|,|0|
|Electrophone_(information_system)|,|0|
|Light_dues|,|0|
|Can't_Say_I'm_Sorry|,|0|
|Capture_of_Grenada_(1779)|,|0|
|Botanical_expedition|,|0|
|Breath_of_the_Gods|,|0|
|Divine_grace|,|0|
|Research_assistant|,|0|
|Viterbi_decoder|,|0|
|Operation_Tomodachi|,|0|
|High_yellow|,|0|
|FTSE_All-World_index_series|,|0|
|Daily_Mix|,|0|
|Crystalline_cohomology|,|0|
|Unitary_theories_of_memory|,|0|
|International_Moral_Education_Congress|,|0|
|NTRUSign|,|0|
|Russo–Dye_theorem|,|0|
|Dievdirbys|,|0|
|Helminthostachys_zeylanica|,|0|
|Samy_(computer_worm)|,|0|
|Quippian|,|0|
|MP3+G|,|1|
|Rheoencephalography|,|0|
|Rape_fantasy|,|0|
|Endless_(Frank_Ocean_album)|,|0|
|Capacity_in_English_law|,|0|
|Approximation_theory|,|0|
|Hour_record|,|0|
|TVPaint_Animation|,|0|
|Any_Man_of_Mine|,|0|
|Exceptional_isomorphism|,|0|
|Hitomi_no_Naka_no_Galaxy/Hero|,|0|
|Rodolfo_Emilio_Giuseppe_Pichi-Sermolli|,|0|
|Right_or_Wrong_(song)|,|0|
|Gennithika_Gia_Sena/Always_Broken|,|0|
|Strip_Search_(web_series)|,|0|
|Pericú_language|,|0|
|Gray_card|,|0|
|Skype_Technologies|,|0|
|Shared_information_bias|,|0|
|Phi2_Orionis|,|0|
|Thomas_D._Waldhauser|,|0|
|Supreme_Council_for_the_Confucian_Religion_in_Indonesia|,|0|
|Ministry_of_Information_(United_Kingdom)|,|0|
|NGC_7424|,|0|
|Muskox|,|0|
|Lieu-dit|,|0|
|Secular_Review|,|0|
|Scaleform_GFx|,|0|
|Richard_Roberts_(pharmaceutical_executive)|,|0|
|Potrace|,|0|
|Near-field_communication|,|0|
|Entropy_of_mixing|,|0|
|Amanda_Barnard|,|0|
|Nu_Doradus|,|0|
|Arctic_Climate_Impact_Assessment|,|0|
|An_Enquiry_Concerning_Human_Understanding|,|0|
|Ain't_Nobody_Got_Time_for_That|,|0|
|Ecotheology|,|0|
|Boötes|,|0|
|Logitech_Media_Server|,|0|
|Dimensionality_reduction|,|0|
|Mark_Phillips_(author)|,|0|
|Homotopy_group|,|0|
|Time_Variance_Authority|,|0|
|Text_Template_Transformation_Toolkit|,|1|
|Angle_(astrology)|,|0|
|Jangada|,|0|
|V3903_Sagittarii|,|0|
|Union_catalog|,|0|
|Somebody_Dance_with_Me|,|0|
|Compass|,|0|
|Flintstones_(basketball)|,|0|
|Publish_or_perish|,|0|
|Spec_Sharp|,|1|
|Peter_Cameron_(minister)|,|0|
|Feminist_digital_humanities|,|0|
|Phocaea_family|,|0|
|Who_Is_It_(Michael_Jackson_song)|,|0|
|The_Machine_Question|,|0|
|Samorost|,|0|
|Iota_Pictoris|,|0|
|GNU_C_Library|,|0|
|Taiyi_Shengshui|,|0|
|Society_of_Saint_Pius_V|,|0|
|Acoustic_Doppler_velocimetry|,|0|
|White_(KAT-TUN_song)|,|0|
|Perlin_noise|,|0|
|Juggling_world_records|,|0|
|Antibody_microarray|,|0|
|Sony_Xperia_Z3_Compact|,|0|
|John_Foxe's_apocalyptic_thought|,|0|
|Transformers:_The_Last_Knight|,|0|
|World_Network_of_Biosphere_Reserves|,|0|
|Nypa_fruticans|,|0|
|Internet_culture|,|0|
|I_Just_Fall_in_Love_Again|,|0|
|Canadian_Index_of_Consumer_Confidence|,|0|
|Language_As_Symbolic_Action|,|0|
|Pajama_Sam_3:_You_Are_What_You_Eat_from_Your_Head_to_Your_Feet|,|0|
|Middle_Franconia|,|0|
|Tonkori|,|0|
|Synchronicity|,|0|
|Copying_network_models|,|0|
|The_Famous_Five_(football)|,|0|
|Frog_pond_effect|,|0|
|Bat_algorithm|,|0|
|Japanese|,|0|
|LTTng|,|0|
|Chi_Hydrae|,|0|
|Direct_comparison_test|,|0|
|Ampere_(band)|,|0|
|Negative_inversion|,|0|
|1951_executions_in_Albania|,|0|
|Henry_Crawford|,|0|
|Drools|,|0|
|Public_rhetoric|,|0|
|Liberty_Writers_News|,|0|
|Don't_Sleep_in_the_Subway|,|0|
|Binomial_heap|,|0|
|Shirk_(Islam)|,|0|
|Academy_Award_for_Best_Makeup_and_Hairstyling|,|0|
|Barbier's_theorem|,|0|
|Maffei_2|,|0|
|James_Hydrick|,|0|
|Strongly_connected_component|,|0|
|The_Betsy|,|0|
|World_in_Motion|,|0|
|Anna_Wikland|,|0|
|Jef_Raskin|,|0|
|Chematica|,|0|
|Alexander_of_Abonoteichus|,|0|
|Chi_Virginis|,|0|
|Process.h|,|0|
|CUTEr|,|0|
|Nullarbor_Plain|,|0|
|Meyer_set|,|0|
|Journal_of_Transpersonal_Psychology|,|0|
|Semantic_heterogeneity|,|0|
|Lomar|,|0|
|Sumerian_creation_myth|,|0|
|Sharp_Zaurus|,|0|
|Spartan-V|,|0|
|Equivalent_spherical_diameter|,|0|
|AgentCubes|,|1|
|Parallel_projection|,|0|
|Wisdom_literature|,|0|
|Blind_Faith|,|0|
|Montaillou_(book)|,|0|
|Dr._DivX|,|0|
|Oliver_Benjamin|,|0|
|Stealth_juror|,|0|
|The_Blue_Jackal|,|0|
|In_the_Dark_(podcast)|,|0|
|Baldwin_Locomotive_Works|,|0|
|Koto-furunushi|,|0|
|ISO_3166-2:KY|,|0|
|Carr_Communications|,|0|
|I'm_Leaving_It_Up_to_You|,|0|
|Random_neural_network|,|0|
|Staatenverbund|,|0|
|ZBasic|,|0|
|Bard_(Dungeons_&_Dragons)|,|0|
|Innovation_economics|,|0|
|Beta_Pyxidis|,|0|
|Cock_Lane_ghost|,|0|
|Downbound_/_Upbound|,|0|
|Comparison_of_LAN_messengers|,|0|
|European_chemical_Substances_Information_System|,|0|
|Amman_Message|,|0|
|World's_largest_palace|,|0|
|Franco-Ontarian_flag|,|0|
|Synaptic_transistor|,|0|
|Gemini_Guidance_Computer|,|0|
|Fraternité_Notre-Dame|,|0|
|The_Hampton_Institute|,|0|
|Jongla|,|0|
|All_Shall_Perish|,|0|
|Superfetation|,|0|
|Looking_for_a_New_Love|,|0|
|Desktop_Dungeons|,|0|
|USRC_Diligence|,|0|
|Iridescence|,|0|
|EU_Open_Data_Portal|,|0|
|D*|,|0|
|Granularity_(parallel_computing)|,|0|
|Vector-radix_FFT_algorithm|,|0|
|Fool_(If_You_Think_It's_Over)|,|0|
|Ideological_criticism|,|0|
|Osmos|,|0|
|Babaylan|,|0|
|Operation_Eastern_Exit|,|0|
|Hotfrog|,|0|
|Estadio_Doroteo_Guamuch_Flores|,|0|
|Sepharial|,|0|
|Abrázame_Muy_Fuerte_(song)|,|0|
|Light-mantled_albatross|,|0|
|Dolorian|,|0|
|EXtensible_Server_Pages|,|1|
|Lisa:_The_Painful|,|0|
|MINUIT|,|0|
|F55_(classification)|,|0|
|Arctic_Search_and_Rescue_Agreement|,|0|
|Davidon–Fletcher–Powell_formula|,|0|
|Daniel_Zion|,|0|
|Officialese|,|0|
|Odds_algorithm|,|0|
|Shaheen-III|,|0|
|Outline_of_Poland|,|0|
|TC0|,|0|
|Vexi|,|0|
|Thelema|,|0|
|Bastard_brothers|,|0|
|Loews_Cineplex_Entertainment|,|0|
|The_leans|,|0|
|Bob_Bryan|,|0|
|Dan_Smith_Will_Teach_You_Guitar|,|0|
|Harish-Chandra_isomorphism|,|0|
|L'Arc-en-Ciel|,|0|
|CT_pulmonary_angiogram|,|0|
|Pilot_plant|,|0|
|John_the_Revelator_/_Lilian|,|0|
|Design_Web_Format|,|1|
|Cycle_polo|,|0|
|Colorimeter_(chemistry)|,|0|
|Kazakhstan|,|0|
|ChalkZone|,|0|
|Computer_poker_player|,|0|
|EFF_DES_cracker|,|0|
|The_Computer_Language_Benchmarks_Game|,|0|
|JQuranTree|,|0|
|Attila_(metalcore_band)|,|0|
|Xenocentrism|,|0|
|123_Marseille|,|0|
|Psychorama|,|0|
|I'm_in_Love_(I_Wanna_Do_It)|,|0|
|Congo_River|,|0|
|Reeducation_in_Communist_Romania|,|0|
|Horapollo|,|0|
|Pisces_I_(dwarf_galaxy)|,|0|
|Area_codes_in_Mexico_by_code|,|0|
|Robert_Wilensky|,|0|
|DONKEY.BAS|,|0|
|Politics_Can_Be_Different|,|0|
|Design_matrix|,|0|
|YASARA|,|0|
|Kono_Mystery_ga_Sugoi!|,|0|
|Wings_of_a_Butterfly|,|0|
|Indicator_bacteria|,|0|
|Google_Street_View_in_Europe|,|0|
|Dependent_type|,|0|
|Summum|,|0|
|Detrended_fluctuation_analysis|,|0|
|PR_Newswire|,|0|
|Whispering_campaign|,|0|
|Quaternary_cubic|,|0|
|Thurstone_scale|,|0|
|Bhakti_yoga|,|0|
|Angakkuq|,|0|
|LRLL_54361|,|0|
|Jaguar_D-Type|,|0|
|P/B_ratio|,|0|
|XML_Interface_for_Network_Services|,|0|
|Lively_Kernel|,|0|
|LW9|,|0|
|Volkstum|,|0|
|Love_Is_Love_Is_Love|,|0|
|ISO_3166-2:BZ|,|0|
|Outline_of_Nicaragua|,|0|
|Existentially_closed_model|,|0|
|Matthew_3:11|,|0|
|Birkhoff's_theorem_(relativity)|,|0|
|TWX_(magazine)|,|0|
|Stochastic_portfolio_theory|,|0|
|Gunpoint_(video_game)|,|0|
|Ashok_Row_Kavi|,|0|
|Margaret_Jones_(Puritan_midwife)|,|0|
|Function_point|,|0|
|Ford_Falcon_(BF)|,|0|
|Hiyoshi-zukuri|,|0|
|Visual_language|,|0|
|Sigillaria|,|0|
|Eckmann–Hilton_argument|,|0|
|Aetites|,|0|
|1087_Arabis|,|0|
|Tutte_l'opere_d'architettura_et_prospetiva|,|0|
|The_Chicken_and_the_Pig|,|0|
|Human_impact_on_the_environment|,|0|
|HD_217107_c|,|0|
|Outline_of_communication|,|0|
|NGC_232|,|0|
|Matrix_determinant_lemma|,|0|
|Thriller_(viral_video)|,|0|
|Collapse_of_the_Royal_Plaza_Hotel|,|0|
|Ga-Rei|,|0|
|Queer_theology|,|0|
|Leopold_and_Rudolf_Blaschka|,|0|
|Media_engagement_framework|,|0|
|McAlpine_v_Bercow|,|0|
|Formula_composition|,|0|
|New_York_lunar_sample_displays|,|0|
|System_for_Electronic_Document_Analysis_and_Retrieval|,|0|
|Scientology_beliefs_and_practices|,|0|
|Cuestión_moral:_si_el_chocolate_quebranta_el_ayuno_eclesiástico|,|0|
|Two_truths_doctrine|,|0|
|Padeye|,|0|
|Rural_area|,|0|
|Main_conjecture_of_Iwasawa_theory|,|0|
|The_Acid|,|0|
|System_requirements_specification|,|0|
|Stibarsen|,|0|
|1995_in_the_decathlon|,|0|
|Tersus|,|1|
|Local_Government_Category_List|,|0|
|Sweet_City_Woman|,|0|
|Vala_(programming_language)|,|1|
|Radio_Bearer_in_UMTS|,|0|
|Debutante|,|0|
|Leave_Virginia_Alone|,|0|
|Jordan–Wigner_transformation|,|0|
|Masonic_Temple|,|0|
|Yonaguni_Monument|,|0|
|Garbhodaksayi_Vishnu|,|0|
|Coin_capsule|,|0|
|Modified_Richardson_iteration|,|0|
|Rachel_Elior|,|0|
|Earth_Group|,|0|
|International_rankings_of_Honduras|,|0|
|Pikey|,|0|
|Soils_of_Fate|,|0|
|The_Fury_of_Dracula|,|0|
|Apache_HBase|,|0|
|Bitard|,|0|
|Monasticism|,|0|
|Hostile_architecture|,|0|
|Button_(clothing)|,|0|
|Govind_Pashu_Vihar_National_Park_and_Sanctuary|,|0|
|Commuter_Cars_Tango|,|0|
|Babe_(Take_That_song)|,|0|
|Desmond_G._Higgins|,|0|
|Unrestricted_Hartree–Fock|,|0|
|Mobile_computer-supported_collaborative_learning|,|0|
|Speech_Synthesis_Markup_Language|,|1|
|Scalable_Vector_Graphics|,|1|
|N-version_programming|,|0|
|Nemesea|,|0|
|Leapfrogging|,|0|
|Vladimir_Damgov|,|0|
|Arctic_sea_ice_ecology_and_history|,|0|
|Marxist_criminology|,|0|
|Raja|,|0|
|World_Rainforest_Movement|,|0|
|Mourning_portraits|,|0|
|Gerlachovský_štít|,|0|
|SofCheck_Inspector|,|0|
|Jindal_Steel_and_Power|,|0|
|Independent_Macedonia_(1944)|,|0|
|Virtual_Teaching_Collection|,|0|
|Aakash_(tablet)|,|0|
|NGC_89|,|0|
|Cellular_algebra|,|0|
|Ford_Taurus_X|,|0|
|Chevalley_restriction_theorem|,|0|
|Sitelink|,|0|
|Timeline_of_the_gunpowder_age_in_Korea|,|0|
|Lists_of_UK_Compilation_Chart_number_ones|,|0|
|Sand_table|,|0|
|2014_Shanghai_stampede|,|0|
|The_Breeders|,|0|
|Operation_Aerial|,|0|
|Carmichael_function|,|0|
|Wiki_Conference_India|,|0|
|Dominion_theology|,|0|
|Mi_PC|,|0|
|The_Bad_Breed|,|0|
|Grizzly_Creek_Redwoods_State_Park|,|0|
|Thomas_Sheridan_(actor)|,|0|
|Social_comparison_theory|,|0|
|Cavalieri's_quadrature_formula|,|0|
|NGC_3603-B|,|0|
|Dark_Side_of_the_Rainbow|,|0|
|Anton_(computer)|,|0|
|Imaging_cycler_microscopy|,|0|
|Undercover_Angel_(song)|,|0|
|JBoss_Enterprise_Application_Platform|,|0|
|Pneumonoultramicroscopicsilicovolcanoconiosis|,|0|
|ILOG|,|0|
|Indianapolis_500_traditions|,|0|
|Country_Boy_(Alan_Jackson_song)|,|0|
|American_Truck_Simulator|,|0|
|Rank_correlation|,|0|
|Morley_rank|,|0|
|Ford_Bronco_II|,|0|
|Existential_risk_from_artificial_general_intelligence|,|0|
|Trojitá|,|0|
|INGENIAS|,|0|
|Maurice_Frydman|,|0|
|Colocation_centre|,|0|
|Martyrs_of_Japan|,|0|
|SAARC_Secretary_General|,|0|
|Uniqueness_type|,|0|
|Da_Youngsta's|,|0|
|The_Global_Media_Monitoring_Project|,|0|
|Curse|,|0|
|Steal_the_Bacon|,|0|
|Pavo_in_Chinese_astronomy|,|0|
|Alpina_B10_Bi-Turbo|,|0|
|Luck_egalitarianism|,|0|
|Positivistic_animism|,|0|
|Job_fraud|,|0|
|Yo-yo_problem|,|0|
|JEDEC_memory_standards|,|0|
|Minimalism_(computing)|,|0|
|Mazda3|,|0|
|Chozen|,|0|
|PR2_(classification)|,|0|
|False_cognate|,|0|
|Circumnavigation|,|0|
|Retention_and_protention|,|0|
|Crystal_Fighters|,|0|
|Riemann_series_theorem|,|0|
|Stand_by_You_(Rachel_Platten_song)|,|0|
|Outline_of_Afghanistan|,|0|
|Enchanted_loom|,|0|
|Gizmo5|,|0|
|Zone_(vestment)|,|0|
|Kolmogorov's_normability_criterion|,|0|
|Cradle_of_civilization|,|0|
|Flip-flop_(politics)|,|0|
|Grey_alien|,|0|
|Apache_Wave|,|0|
|John_Vianney|,|0|
|Stay_Real|,|0|
|Debreu_theorems|,|0|
|Puffer_train|,|0|
|Flail_space_model|,|0|
|Bodies_(Robbie_Williams_song)|,|0|
|The_Havana_Pitbulls|,|0|
|Tree_rearrangement|,|0|
|Kleiner_Winterberg_(Harz)|,|0|
|Sculptor_in_Chinese_astronomy|,|0|
|Psychochemical_warfare|,|0|
|Age_of_the_Gods|,|0|
|Ministry_of_Communications_and_Information_Technology_(Egypt)|,|0|
|Leo_(astrology)|,|0|
|I_Drove_All_Night|,|0|
|Polygenism|,|0|
|Holmfirth_floods|,|0|
|David_W._Hamlyn|,|0|
|Yanaki_and_Milton_Manaki|,|0|
|Crisis_of_Marxism|,|0|
|PythonAnywhere|,|0|
|Real_tree|,|0|
|Common_Lisp|,|1|
|Nutrient_management|,|0|
|Kindred_the_Family_Soul|,|0|
|Seven_Nation_Army|,|0|
|Spider-Woman_(Mattie_Franklin)|,|0|
|Nature_(essay)|,|0|
|Reverse_Monte_Carlo|,|0|
|B-Step_Sequencer|,|0|
|Classification_of_demons|,|0|
|Marcel_the_Shell_with_Shoes_On|,|0|
|Yahoo_Beijing_Global_R&D_Center|,|0|
|David_States|,|0|
|Ahmadiyya_and_other_faiths|,|0|
|Cyclotomic_identity|,|0|
|Blowin'_(song)|,|0|
|ISO_3166-2:WF|,|0|
|Commandaria|,|0|
|Ballistics_(video_game)|,|0|
|Everybody_Draw_Mohammed_Day|,|0|
|Astove_Island|,|0|
|O3Spaces|,|0|
|Hole_(band)|,|0|
|Ditloid|,|0|
|Samsung_Galaxy_Note_3|,|0|
|Eternal_return|,|0|
|Gog_and_Magog|,|0|
|Explorer_II|,|0|
|Textpattern|,|0|
|The_Darkness_II|,|0|
|International_Vedanta_Society|,|0|
|Unity_of_Command_(video_game)|,|0|
|Escambray_rebellion|,|0|
|Mnemosyne_(software)|,|0|
|Terms_for_Syriac_Christians|,|0|
|Samsung_Galaxy_Tab_3_7.0|,|0|
|Systematic_review|,|0|
|DECtalk|,|0|
|Arghul|,|0|
|Audio_file_format|,|0|
|Maberry_and_Walker|,|0|
|Sumerian_religion|,|0|
|Legendary_creature|,|0|
|Mysteries_of_the_Unknown|,|0|
|International_rankings_of_Israel|,|0|
|Annual_Review_of_Information_Science_and_Technology|,|0|
|Bigu_(grain_avoidance)|,|0|
|BacMap|,|0|
|Crow_Black_Chicken|,|0|
|Dope_(band)|,|0|
|1938–39_German_expedition_to_Tibet|,|0|
|Drunk_walking|,|0|
|Beta_Crucis|,|0|
|Go_Heritage_Run|,|0|
|Short_range_order|,|0|
|PriceRunner|,|0|
|Bounded_inverse_theorem|,|0|
|Enfer|,|0|
|String_Theory_(artist_collective)|,|0|
|Fact,_Fiction,_and_Forecast|,|0|
|Paesia|,|0|
|Reynolds_stress_equation_model|,|0|
|Andrew_Conrad_(geneticist)|,|0|
|Program_analysis|,|0|
|Pannaiyar_Caste|,|0|
|Indo-European_languages|,|0|
|Epsilon_Volantis|,|0|
|41_Lyncis|,|0|
|Libra_(astrology)|,|0|
|Westgate_shopping_mall_attack|,|0|
|Noppera-bō|,|0|
|Animoog|,|0|
|Tsubame_(supercomputer)|,|0|
|WSPR_(amateur_radio_software)|,|0|
|Luminus_(comics)|,|0|
|Priority_Sector_Lending_Certificates|,|0|
|Inner_Sanctum_(band)|,|0|
|Yottabit|,|0|
|Superspace|,|0|
|Brain_Quest|,|0|
|Chris_Sherwin|,|0|
|Tehilla_Lichtenstein|,|0|
|The_Theory_of_Moral_Sentiments|,|0|
|Multiplan|,|0|
|Creationist_museum|,|0|
|Sea_ice_microbial_communities|,|0|
|Volvo_XC40|,|0|
|Sufi_Order_Ināyati|,|0|
|Body_orifice|,|0|
|Main_Stem|,|0|
|Case–Shiller_index|,|0|
|Positive_systems|,|0|
|Legion_of_Net.Heroes|,|0|
|Aztaka|,|0|
|Spite_fence|,|0|
|Lower_Prospect_Canal_Reserve|,|0|
|Christoffel–Darboux_formula|,|0|
|Galileo_affair|,|0|
|Jaron_Lanier|,|0|
|Raita_algorithm|,|0|
|The_New_York_Times_Fiction_Best_Sellers_of_1959|,|0|
|Vanessa_Fox|,|0|
|The_Truth_about_Nanjing|,|0|
|I've_Been_Everywhere|,|0|
|Children_of_Bodom|,|0|
|Three-taxon_analysis|,|0|
|Stratton_Brothers_case|,|0|
|Interaction_design|,|0|
|Capital_accumulation|,|0|
|OASIS_SOA_Reference_Model|,|0|
|Baumslag–Solitar_group|,|0|
|Pandora_(musical_group)|,|0|
|Toxic_cough_syrup|,|0|
|Mikhail_Bystrov|,|0|
|William_Joyce|,|0|
|P_system|,|0|
|New_Lab|,|0|
|Xiaowei|,|0|
|Celebrate_the_Nun|,|0|
|Biproduct|,|0|
|Pre-Code_sex_films|,|0|
|Neuron_(software)|,|0|
|Acer_beTouch_E100/E101|,|0|
|Bertram_Raphael|,|0|
|Systematics|,|0|
|Hounfour|,|0|
|Tata_Venture|,|0|
|Verbal_reasoning|,|0|
|Mama_Tried_(song)|,|0|
|Sailing_at_the_1976_Summer_Olympics_–_Soling|,|0|
|Orisha|,|0|
|1741_Giclas|,|0|
|Suzanne_Briet|,|0|
|Mean_absolute_error|,|0|
|Hot_and_cold_cognition|,|0|
|Process|,|0|
|Danelectro_Amp-in-case|,|0|
|Hosmer–Lemeshow_test|,|0|
|Electronic_bagpipes|,|0|
|Pseudorandom_permutation|,|0|
|CP_Lacertae|,|0|
|Give_It_to_Me_(Timbaland_song)|,|0|
|McCallum_and_Tarry|,|0|
|Jewel_Pod|,|0|
|Canada_Geographic_Information_System|,|0|
|Latin_square|,|0|
|Gaudapada|,|0|
|Tingles|,|0|
|Digital_interview|,|0|
|HAT-P-1b|,|0|
|Cassé|,|0|
|Hold_It_Don't_Drop_It|,|0|
|PowerDEVS|,|0|
|Semi-simplicity|,|0|
|GXL|,|1|
|Byron_Reed_Collection|,|0|
|NDepend|,|0|
|Bass_Brothers|,|0|
|Eleven_Past_One|,|0|
|Gymnocarpium|,|0|
|Continental_shelf|,|0|
|Greatest_Painting_in_Britain_Vote|,|0|
|1333_Cevenola|,|0|
|Schisandra|,|0|
|Manchester_Mark_1|,|0|
|Yellowstone_fires_of_1988|,|0|
|Lacrosse|,|0|
|Precision_questioning|,|0|
|The_Hidden_Wiki|,|0|
|Yaakov_Israel_Ifargan|,|0|
|Meredith_graph|,|0|
|Morant_Point|,|0|
|Philosophy_of_information|,|0|
|Kirby_J._Hensley|,|0|
|Outboard_gear|,|0|
|Modern_C++_Design|,|0|
|Imitation_of_God|,|0|
|Necrophagia|,|0|
|Draft_(hull)|,|0|
|Trash_Talk_(band)|,|0|
|USRC_South_Carolina|,|0|
|Sunda_Wiwitan|,|0|
|Three-volley_salute|,|0|
|Makhdoom_Shaban_ul_Millat_Ali_Murtaza|,|0|
|3322_Lidiya|,|0|
|Yanks_for_Stalin|,|0|
|Kudit|,|0|
|Tokwe_Mukorsi_Dam|,|0|
|Media_coverage_of_North_Korea|,|0|
|Białowieża_Forest|,|0|
|Dravidar_Kazhagam|,|0|
|Chalo_Chatu|,|0|
|Chromostereopsis|,|0|
|Rubric_(academic)|,|0|
|Confident_(Demi_Lovato_song)|,|0|
|Time_crystal|,|0|
|TEA_(text_editor)|,|0|
|Upasni_Maharaj|,|0|
|Nigerian_Capital_Development_Fund_(NCDF)|,|0|
|Port_(circuit_theory)|,|0|
|Environmental_resource_management|,|0|
|The_Major_Transitions_in_Evolution|,|0|
|La'cryma_Christi|,|0|
|Gould_designation|,|0|
|Carissa_macrocarpa|,|0|
|Delta_Aquarii|,|0|
|Anamorphosis|,|0|
|X-Play|,|0|
|Wirecast|,|0|
|Russian_boxing|,|0|
|Tokyo_Dawn_Records|,|0|
|Amritbani_Guru_Ravidass_Ji|,|0|
|Park_Young-seok|,|0|
|Sony_Xperia_X|,|0|
|9912_Donizetti|,|0|
|Metaplasm|,|0|
|El_Chavo_Animado|,|0|
|William_Torrey_Harris|,|0|
|Indo-European_ablaut|,|0|
|Chemical_Markup_Language|,|1|
|Records_of_heads_of_state|,|0|
|Laptop|,|0|
|Bangarang|,|0|
|Fear_of_commitment|,|0|
|Ddrescue|,|0|
|Hopf_maximum_principle|,|0|
|Community_of_position|,|0|
|Wendy_Christensen|,|0|
|Digital_Fish_Library|,|0|
|Jaroslav_Nešetřil|,|0|
|Higher-Order_Perl|,|0|
|Lexicographic_code|,|0|
|Intuitionistic_logic|,|0|
|Four_Worlds|,|0|
|Bolesław_Matuszewski|,|0|
|Takwin|,|0|
|Blocksworld|,|0|
|Dallas_Mavericks_all-time_roster_and_statistics_leaders|,|0|
|Fort_Lean|,|0|
|Iron_Monkey_(band)|,|0|
|LG_Optimus_G_Pro|,|0|
|Robinson–Schensted–Knuth_correspondence|,|0|
|Modal_fallacy|,|0|
|Church_of_the_Holy_Sepulchre|,|0|
|Atomistix_ToolKit|,|0|
|Trust_region|,|0|
|Cyber_spying|,|0|
|Specification_and_Description_Language|,|1|
|2011_United_States_listeriosis_outbreak|,|0|
|Jarrakan_languages|,|0|
|Para-cycling_classification|,|0|
|Yehowists|,|0|
|Buick_Rendezvous|,|0|
|Chalk_heath|,|0|
|Ancestor_veneration_in_China|,|0|
|Distrust|,|0|
|Moufang_set|,|0|
|Babbs_Switch_fire|,|0|
|Online_survey_platforms|,|0|
|Scuba_diving|,|0|
|DataCite|,|0|
|Honor_Harrington|,|0|
|Henryk_Witek|,|0|
|Analog_recording|,|0|
|Mamoru_Samuragochi|,|0|
|Global_Reporting_Initiative|,|0|
|NGC_4919|,|0|
|Norwegian_Polar_Institute|,|0|
|Outline_of_the_United_States_Virgin_Islands|,|0|
|Chrysler_Airflow|,|0|
|Mechanical_television|,|0|
|Epsilon_Aurigae|,|0|
|Spanish_Renaissance_architecture|,|0|
|Lists_of_number-one_albums|,|0|
|The_Moscow_rules|,|0|
|Ar_(Unix)|,|0|
|PHP-Nuke|,|0|
|Sharp-P-complete|,|0|
|SeaMonkey|,|0|
|Sweet_Caroline|,|0|
|Skylanders:_Spyro's_Adventure|,|0|
|Shift_operator|,|0|
|Specular_holography|,|0|
|OpenBLAS|,|0|
|Carcass_(band)|,|0|
|Agha_Waqar's_water-fuelled_car|,|0|
|Country_code_top-level_domain|,|0|
|Tutte–Berge_formula|,|0|
|When_It's_Love|,|0|
|Caelum|,|0|
|Herculaneum|,|0|
|Sortes_Vergilianae|,|0|
|Arithmetic_progression|,|0|
|Ovius_and_Novius_Calavius|,|0|
|Boiling_liquid_expanding_vapor_explosion|,|0|
|Líbido_(band)|,|0|
|Cardus_Education_Survey_Canada|,|0|
|Justice_Network|,|0|
|Etoy|,|0|
|PARSEC|,|0|
|Envy|,|0|
|Aquarius/Let_the_Sunshine_In|,|0|
|Schubert_variety|,|0|
|Stephen_H._Davis|,|0|
|OpenScientist|,|0|
|Impact_factor|,|0|
|Petty_nobility|,|0|
|Kurdification|,|0|
|Novensiles|,|0|
|Spiritualism|,|0|
|Anna_Krylov|,|0|
|Pattern_language_(formal_languages)|,|0|
|Meetic|,|0|
|Prune_and_search|,|0|
|Good_Grief_(song)|,|0|
|Messier_50|,|0|
|IFRS_9|,|0|
|Dlisted|,|0|
|Precompiled_header|,|0|
|Shikantaza|,|0|
|BitLord|,|0|
|Hermes_Project|,|0|
|Daisyworld|,|0|
|The_Killers|,|0|
|Lleyton_Hewitt|,|0|
|Cooperative_MIMO|,|0|
|Moorish_architecture|,|0|
|Taurus_(constellation)|,|0|
|Latter_Rain_(post–World_War_II_movement)|,|0|
|Persiankiwi|,|0|
|Memorization|,|0|
|Endless_Game|,|0|
|One-dimensional_symmetry_group|,|0|
|Novorossiya_TV|,|0|
|American_Telemedicine_Association|,|0|
|Rivethead|,|0|
|Arctic_Institute_of_North_America|,|0|
|Bad_Radio|,|0|
|Kafr_Abdu|,|0|
|NIDDK_Office_of_Technology_Transfer_and_Development|,|0|
|Glove_problem|,|0|
|Command_and_Control_Research_Program|,|0|
|Philastrius|,|0|
|Joel_Lee_Brenner|,|0|
|Kolmogorov's_zero–one_law|,|0|
|Brouwer–Heyting–Kolmogorov_interpretation|,|0|
|Student_information_system|,|0|
|Assahifa_Al_Ousbouia|,|0|
|Cavalieri's_principle|,|0|
|FreeCreditScore.com|,|0|
|Institut_Jeanne_Gatineau|,|0|
|Center_for_Investigative_Reporting|,|0|
|Mind_games|,|0|
|Complexity_class|,|0|
|Ain't_Nobody_Better|,|0|
|Fear_Zero|,|0|
|Men's_60_metres_world_record_progression|,|0|
|Bishop–Gromov_inequality|,|0|
|Global_village|,|0|
|Political_socialization|,|0|
|Lexical_grammar|,|0|
|Official_World_Golf_Ranking|,|0|
|Sieve_C++_Parallel_Programming_System|,|0|
|China_Merchants_Shekou_Industrial_Zone_Holdings|,|0|
|Close_(system_call)|,|0|
|Czech_Republic|,|0|
|Keep_Indy_Indie|,|0|
|Memorial_reconstruction|,|0|
|Electromigrated_nanogaps|,|0|
|Sacred_Seven|,|0|
|Herschel_Island_(Chile)|,|0|
|El_pueblo_unido_jamás_será_vencido|,|0|
|Melilla|,|0|
|I'm_Gay_(6_AM_song)|,|0|
|Sign_of_the_Times_(Harry_Styles_song)|,|0|
|Perfect_Day_(Lou_Reed_song)|,|0|
|Two-way_finite_automaton|,|0|
|Yahoo!_Search_Marketing|,|0|
|New_Jerusalem|,|0|
|De_Moivre–Laplace_theorem|,|0|
|Neural_adaptation|,|0|
|Patois|,|0|
|Superorganism|,|0|
|Gin_Chow|,|0|
|Simultaneous_algebraic_reconstruction_technique|,|0|
|Forest_History_Center|,|0|
|Function_space|,|0|
|Walter_Rudin|,|0|
|Acer_stewarti|,|0|
|Cultural_diversity|,|0|
|Video_Violence_(group)|,|0|
|Theta_Tucanae|,|0|
|Fate_(video_game)|,|0|
|Banjara_(Muslim)|,|0|
|QM/MM|,|0|
|Glycomics|,|0|
|X11_color_names|,|0|
|Lyle_H._Lanier|,|0|
|Computational_electromagnetics|,|0|
|ISO_3166-2:MH|,|0|
|Dolphin_(file_manager)|,|0|
|Dependency_graph|,|0|
|Hotel_Terme_Millepini|,|0|
|Rhythm_Club_fire|,|0|
|Odious_debt|,|0|
|Racial_wage_gap_in_the_United_States|,|0|
|Hanna-Barbera|,|0|
|Kepler-22|,|0|
|Private_Eyes_(song)|,|0|
|A+_(programming_language)|,|1|
|Applied_academics|,|0|
|Art_of_Illusion|,|0|
|Seven_Sleepers|,|0|
|Jamais_vu|,|0|
|Imaging_radar|,|0|
|Snowball_Earth|,|0|
|1979_(song)|,|0|
|Ice_tank|,|0|
|The_Mighty_Don't_Kneel|,|0|
|Nitish_V._Thakor|,|0|
|EbXML|,|0|
|MIDI_Machine_Control|,|0|
|Memory-mapped_file|,|0|
|Paulus_of_Verdun|,|0|
|Volterra_operator|,|0|
|Roland_and_Almita_Vamos|,|0|
|Phi_Orionis|,|0|
|Omega1_Scorpii|,|0|
|Dixmier_trace|,|0|
|Jeff_Jarrett|,|0|
|Lord_Murugan_Statue|,|0|
|Microbotics|,|0|
|BASICODE|,|0|
|Acropora|,|0|
|Rescue_archaeology|,|0|
|Project_Starfighter|,|0|
|NGC_247|,|0|
|Our_Lady_of_the_Rockies|,|0|
|CMD_file_(CP/M)|,|0|
|Peruvian_records_in_Olympic_weightlifting|,|0|
|Bootlegging_(business)|,|0|
|Jeehiun_Lee|,|0|
|Ascendency|,|0|
|Welch's_method|,|0|
|UMAP_Credit_Transfer_Scheme|,|0|
|Google_Book_Search_Settlement_Agreement|,|0|
|Top-down_parsing_language|,|0|
|Breadwinners_(TV_series)|,|0|
|Sledgehammer_(Peter_Gabriel_song)|,|0|
|Social_class|,|0|
|United_Kingdom_Standard_Industrial_Classification_of_Economic_Activities|,|0|
|LL_parser|,|0|
|Has-a|,|0|
|Inverse_iteration|,|0|
|Computational_linguistics|,|0|
|Handkerchief_skirt|,|0|
|Turnstile_(symbol)|,|0|
|Geometric_topology|,|0|
|Michael_Jackson|,|0|
|Compact_stencil|,|0|
|Guideline_execution_engine|,|0|
|Lambda_Gruis|,|0|
|Observer_pattern|,|0|
|Turán's_brick_factory_problem|,|0|
|Hartley_function|,|0|
|JPedal|,|0|
|Apache_Ambari|,|0|
|Thank_God_for_Mississippi|,|0|
|Redundant_array_of_independent_memory|,|0|
|Phylogenetic_inertia|,|0|
|Oh-OK|,|0|
|A_Good_Heart|,|0|
|Unit_disk_graph|,|0|
|Experiential_knowledge|,|0|
|Ibis_redibis_nunquam_per_bella_peribis|,|0|
|Entry_point|,|0|
|Promise|,|0|
|Hyper-Wiener_index|,|0|
|BEEPS|,|0|
|Batales|,|0|
|Justice_delayed_is_justice_denied|,|0|
|Eta_Capricorni|,|0|
|Turbine_inlet_air_cooling|,|0|
|Angle_bisector_theorem|,|0|
|Gtk2-Perl|,|0|
|Back_to_the_80s_(song)|,|0|
|Effects_of_Hurricane_Katrina_in_New_Orleans|,|0|
|Apple_Maps|,|0|
|Be_the_One_(Dua_Lipa_song)|,|0|
|World_record_progression_women's_weightlifting|,|0|
|384_(number)|,|0|
|Hall's_identity|,|0|
|Givens_rotation|,|0|
|Merkos_L'Inyonei_Chinuch|,|0|
|Daniel_S._Loeb|,|0|
|The_rich_get_richer_and_the_poor_get_poorer|,|0|
|Lambeth_Homilies|,|0|
|Muslim_Shaikh|,|0|
|Folded_Reed–Solomon_code|,|0|
|Caribou-Targhee_National_Forest|,|0|
|Akademio_de_Esperanto|,|0|
|Magnificent_Seven_(gymnastics)|,|0|
|Teach_the_Controversy|,|0|
|NGC_4570|,|0|
|CamStudio|,|0|
|Zoka_Forest|,|0|
|Byzantine_Iconoclasm|,|0|
|Airyanem_Vaejah|,|0|
|North_West_England|,|0|
|Hindmarsh–Rose_model|,|0|
|Eamon_Dunne|,|0|
|WR_114|,|0|
|Volkswagen_Karmann_Ghia|,|0|
|Marching_brass|,|0|
|Samsung_Galaxy_Tab_2_10.1|,|0|
|Rapture_Ready|,|0|
|Historical_GDP_of_China|,|0|
|73_(number)|,|0|
|Millvina_Dean|,|0|
|Constraint_satisfaction|,|0|
|Pascal_MicroEngine|,|0|
|I_Don't_Wanna_Stop|,|0|
|South_Star|,|0|
|Terrorist_Finance_Tracking_Program|,|0|
|Panther_De_Ville|,|0|
|Hermetica|,|0|
|Graph_edit_distance|,|0|
|Hi_and_Lois|,|0|
|HD_122563|,|0|
|Estampage|,|0|
|OTC_Markets_Group|,|0|
|Helen_Jacobs|,|0|
|IFolder|,|0|
|L._T._F._Gamut|,|0|
|Iterative_proportional_fitting|,|0|
|Trivial_Pursuit|,|0|
|Vuelve_(song)|,|0|
|Sacred_geometry|,|0|
|Faultless_disagreement|,|0|
|Arithmetic_combinatorics|,|0|
|Muisca_mythology|,|0|
|End_(graph_theory)|,|0|
|Orc_(programming_language)|,|1|
|Feminism_in_culture|,|0|
|Yao_Wenyuan|,|0|
|LHC_Accelerator_Research_Program|,|0|
|Rainmaking|,|0|
|Biblical_Research_Institute|,|0|
|Ogier_the_Dane|,|0|
|ISO_3166-2:PH|,|0|
|Pre-conception_counseling|,|0|
|Timeline_of_theoretical_physics|,|0|
|I_Love_You_Because_(song)|,|0|
|Figure_rating_scale|,|0|
|Partial_template_specialization|,|0|
|F.lux|,|0|
|Yoga-darsana|,|0|
|Gentile|,|0|
|Sustainable_national_income|,|0|
|King_Arthur's_family|,|0|
|Alvin_Goldfarb|,|0|
|Unambiguous_Turing_machine|,|0|
|Refutation_of_All_Heresies|,|0|
|PSE_All_Shares_Index|,|0|
|Superbone|,|0|
|Influence_and_legacy_of_Swami_Vivekananda|,|0|
|Attendance|,|0|
|Fynbos|,|0|
|Lamport_signature|,|0|
|IDEF4|,|1|
|Philippine_ceramics|,|0|
|National_Bureau_of_Classification_(NBC)|,|0|
|TT_Corvi|,|0|
|Déjà_Vu_(Giorgio_Moroder_song)|,|0|
|Higher_Education_for_American_Democracy|,|0|
|Longitude|,|0|
|Harry_Henry|,|0|
|Djibouti|,|0|
|System_requirements_(spacecraft_system)|,|0|
|Providentialism|,|0|
|BioBIKE|,|0|
|Jurisprudence|,|0|
|MOEA_Framework|,|0|
|F1_2013_(video_game)|,|0|
|Buru|,|0|
|L.A._Noire|,|0|
|Baba_Sali|,|0|
|Dakhinpat_Satra|,|0|
|International_rankings_of_Denmark|,|0|
|Cypher_(video_game)|,|0|
|Gamma_Ursae_Minoris|,|0|
|Self-persuasion|,|0|
|Annualized_failure_rate|,|0|
|Extreme_points_of_Moldova|,|0|
|Headless_Horseman|,|0|
|Drummond_Rennie|,|0|
|Rosewood_massacre|,|0|
|4CAPS|,|0|
|XML_data_binding|,|0|
|Drifting_ice_station|,|0|
|Bill_Cosby_sexual_assault_allegations|,|0|
|Earle–Hamilton_fixed-point_theorem|,|0|
|Rhetoric_(Aristotle)|,|0|
|Nemesysco|,|0|
|Toulmin_method|,|0|
|Pragmatic_theory_of_information|,|0|
|GraphExeter|,|0|
|Iva_Toguri_D'Aquino|,|0|
|Kiss_(band)|,|0|
|Harrison_Institute|,|0|
|International_Yacht_Training_Worldwide|,|0|
|Karaite_Judaism|,|0|
|Heimia_salicifolia|,|0|
|Daniel_Striped_Tiger|,|0|
|Phuket_City|,|0|
|GADV-protein_world_hypothesis|,|0|
|National_Center_for_Family_Literacy|,|0|
|Aïcha|,|0|
|Post–Turing_machine|,|0|
|This_too_shall_pass|,|0|
|The_Snake_Pit|,|0|
|UA:First|,|0|
|Mackey_topology|,|0|
|Sierra_Leone|,|0|
|Kotobagari|,|0|
|Paolo_Virno|,|0|
|Turing_machine_examples|,|0|
|Simulated_annealing|,|0|
|Amon_Amarth|,|0|
|Effect_of_Hurricane_Katrina_on_the_Louisiana_Superdome|,|0|
|Los_Carpinteros|,|0|
|Video_film_era|,|0|
|Haidakhan_Babaji|,|0|
|NASA_Space_Universe|,|0|
|Psilocybe_weilii|,|0|
|Clinical_quality_management_system|,|0|
|Theodidaktos|,|0|
|Diana_Butler_Bass|,|0|
|Nissan_Prairie|,|0|
|Pale_of_Settlement|,|0|
|Resource_Description_and_Access|,|0|
|CiviCRM|,|0|
|Template_Haskell|,|0|
|Nexiona_Connectocrats|,|0|
|This_Is_Your_Captain_Speaking|,|0|
|Bit-reversal_permutation|,|0|
|Homonym_(biology)|,|0|
|Akiyoshi_Kitaoka|,|0|
|Mycin|,|0|
|Katia_Sycara|,|0|
|The_Rolling_Girls|,|0|
|Implication_(information_science)|,|0|
|Sverigetopplistan|,|0|
|Frequency-doubling_illusion|,|0|
|Max_Figman_and_Lolita_Robertson|,|0|
|Sign_function|,|0|
|Elastic_therapeutic_tape|,|0|
|Omphalos|,|0|
|Taskworld|,|0|
|Ex's_&_Oh's|,|0|
|Fay's_trisecant_identity|,|0|
|ID3|,|0|
|Forgotten_Ten|,|0|
|Machinima|,|0|
|This_Christmas_(Donny_Hathaway_song)|,|0|
|Detroit–Windsor|,|0|
|IBM_STAIRS|,|0|
|Ranong_human-smuggling_incident|,|0|
|Rudolph_Fentz|,|0|
|Horizont_(radio)|,|0|
|Cumberland_Plain|,|0|
|Private_investigator|,|0|
|I've_Told_Ev'ry_Little_Star|,|0|
|Fires_in_Edo|,|0|
|V603_Aquilae|,|0|
|International_rankings_of_Cuba|,|0|
|Batman:_The_Telltale_Series|,|0|
|TSP_(econometrics_software)|,|0|
|Microsoft-specific_exception_handling_mechanisms|,|0|
|Imamah_(Shia)|,|0|
|Project_management_information_system|,|0|
|Ovidiu_Pecican|,|0|
|Symbolic_chickens|,|0|
|Prizma|,|0|
|Idiophone|,|0|
|National_Fresh_Water_Fishing_Hall_of_Fame|,|0|
|Compile_time_function_execution|,|0|
|Archos_GamePad|,|0|
|Oppressor|,|0|
|Public_sector|,|0|
|Mu1_Cancri|,|0|
|Richardson_Grove_State_Park|,|0|
|Jarral|,|0|
|Grunge_speak|,|0|
|Anisotropy_energy|,|0|
|Taste_(band)|,|0|
|Haran's_diamond_theorem|,|0|
|Big_Girls_Don't_Cry_(Fergie_song)|,|0|
|Quark_Author|,|0|
|Go_For_Soda|,|0|
|Cheilanthes|,|0|
|ChitChat|,|0|
|Mount_Erebus|,|0|
|Lincoln_Versailles|,|0|
|MBC_Max|,|0|
|32_Cygni|,|0|
|Velificatio|,|0|
|Judith_Dupré|,|0|
|SGR_1806-20|,|0|
|The_Next_Time_I_Fall|,|0|
|FlexGen|,|0|
|JT_(visualization_format)|,|1|
|Kinetic_Monte_Carlo|,|0|
|Sazonov's_theorem|,|0|
|UberWriter|,|0|
|Matchmaking|,|0|
|Spider-Man|,|0|
|Mamil|,|0|
|Hindu_studies|,|0|
|Endless_(comics)|,|0|
|Lead_Books_of_Sacromonte|,|0|
|How_Am_I_Supposed_to_Live_Without_You|,|0|
|Semantic_holism|,|0|
|Graph_center|,|0|
|Hamburg_temple_model|,|0|
|Psilocybe_subcubensis|,|0|
|Colin_Evans_(medium)|,|0|
|Turn_Me_Out_(Praxis_song)|,|0|
|Karlite|,|0|
|Zak_McKracken:_Between_Time_and_Space|,|0|
|Emeritus|,|0|
|Second-generation_gender_bias|,|0|
|Kate_and_Grant|,|0|
|Flow_Cytometry_Standard|,|0|
|Commensurability_(group_theory)|,|0|
|Duele_el_Amor|,|0|
|Hold_Tight_(Change_song)|,|0|
|Michael_Shulman_(mathematician)|,|0|
|ISO_3166-2:RU|,|0|
|Julian_Johnson|,|0|
|John_Nichols_Thom|,|0|
|Human_action_cycle|,|0|
|Heliotropes_(band)|,|0|
|NGC_194|,|0|
|Mehrotra_predictor–corrector_method|,|0|
|Pig_Goat_Banana_Cricket|,|0|
|Cogs_(video_game)|,|0|
|Bit.Trip_Beat|,|0|
|Cheat_Engine|,|0|
|Ambric|,|0|
|Last_offices|,|0|
|Atziluth|,|0|
|Llanos_de_Moxos|,|0|
|Unleashed_Software|,|0|
|Tillamook_Burn|,|0|
|Maliar|,|0|
|Cerro_El_Pital|,|0|
|Kekistan|,|0|
|E-OTD|,|0|
|Crash_Course_(YouTube)|,|0|
|Obituary_poetry|,|0|
|Take_On_Me|,|0|
|Toyota_MR2|,|0|
|Opinion_Space|,|0|
|QNX|,|0|
|Baidu_Baike|,|0|
|Nallamala_Hills|,|0|
|IdeaScale|,|0|
|Acxiom|,|0|
|Baton_(law_enforcement)|,|0|
|Antarctic|,|0|
|Starry_Night_(planetarium_software)|,|0|
|I_(pronoun)|,|0|
|Logico-linguistic_modeling|,|0|
|Imputation_(statistics)|,|0|
|Church–Turing–Deutsch_principle|,|0|
|Integrated_master_plan|,|0|
|Women's_heptathlon_world_record_progression|,|0|
|Constructive_quantum_field_theory|,|0|
|Train_track_map|,|0|
|SX000i_-_International_guide_for_the_use_of_the_S-Series_of_Integrated_Logistics_Support_(ILS)_specifications|,|0|
|Roland_Sound_Canvas|,|0|
|Maria_Kisito|,|0|
|N_=_4_supersymmetric_Yang–Mills_theory|,|0|
|George_Smoot|,|0|
|Newborn_(band)|,|0|
|Gap_reduction|,|0|
|Manuel_DeLanda|,|0|
|Bill_Johnston_(cricketer)|,|0|
|Asiatic_Vespers|,|0|
|Monophyly|,|0|
|Drinkers_Mass|,|0|
|ECC_memory|,|0|
|Cardiff_Giant|,|0|
|Superthug|,|0|
|Bropho_v_Western_Australia|,|0|
|Grouped_Events|,|0|
|Verkhoyansk|,|0|
|Xi2_Canis_Majoris|,|0|
|List_of_the_most_common_U.S._county_names|,|0|
|Euler's_theorem_in_geometry|,|0|
|Just_to_See_You_Smile|,|0|
|Functor|,|0|
|To_Know_Him_Is_to_Love_Him|,|0|
|Xi1_Lupi|,|0|
|Marine_Biology_(journal)|,|0|
|Ashtavakra_Gita|,|0|
|LG_Prada_II|,|0|
|Telephone_numbers_in_Sweden|,|0|
|Kid_vs._Kat|,|0|
|Process_chemistry|,|0|
|Data_quality|,|0|
|Rag_Mop|,|0|
|Maximising_measure|,|0|
|Speedaway|,|0|
|BMW_5_Series|,|0|
|Cursed_(2004_film)|,|0|
|196_(number)|,|0|
|Jacques_Barzun|,|0|
|Singleton_bound|,|0|
|Mandaeism|,|0|
|Maria_Sinukuan|,|0|
|Mudflow|,|0|
|Snooker_world_ranking_points_2008/2009|,|0|
|Hamoud_Al-Mousa|,|0|
|Limp_(band)|,|0|
|Bed_(song)|,|0|
|ARts|,|0|
|Tangerine_Circus|,|0|
|Hour_record_(recumbents)|,|0|
|The_Putin_Interviews|,|0|
|Mount_Katahdin|,|0|
|Strategic_Computing_Initiative|,|0|
|Wireless_lock|,|0|
|Control_of_chaos|,|0|
|Postcondition|,|0|
|Gautala_Autramghat_Sanctuary|,|0|
|Lake_Mohave|,|0|
|Threema|,|0|
|Malvertising|,|0|
|Triumphant_(Get_'Em)|,|0|
|Triumphs|,|0|
|SCHEMA_(bioinformatics)|,|0|
|Overmedication|,|0|
|Westerlund_2|,|0|
|Health_crisis|,|0|
|Genetic_improvement_(computer_science)|,|0|
|The_world's_100_most_threatened_species|,|0|
|Kanjō|,|0|
|Young_Hearts_Run_Free|,|0|
|Kodu_Game_Lab|,|0|
|The_Ghost_Busters|,|0|
|Moshi_Monsters|,|0|
|Secularism_in_Israel|,|0|
|Holy_Spirit|,|0|
|Gaymer|,|0|
|Kiehl's|,|0|
|Luninets|,|0|
|V518_Carinae|,|0|
|Sequanium|,|0|
|Function_(mathematics)|,|0|
|12_Persei|,|0|
|Spiral_galaxy|,|0|
|Cyathea_ferruginea|,|0|
|Hike_Messenger|,|0|
|Peerage|,|0|
|Four_Minute_Men|,|0|
|Gungnyeo|,|0|
|Afro-Germans|,|0|
|NGC_7252|,|0|
|Federal_Union_of_European_Nationalities|,|0|
|Quepasa|,|0|
|Buddy_check|,|0|
|Turbo_Pascal|,|0|
|Tautology_(rule_of_inference)|,|0|
|Luzhniki_disaster|,|0|
|Sakurajima|,|0|
|The_Sign_(song)|,|0|
|Fldigi|,|0|
|Humanyze|,|0|
|Ebeneezer_Goode|,|0|
|Buddhism_and_violence|,|0|
|Nash_Statesman|,|0|
|Brutus_(Norwegian_band)|,|0|
|Android_Dev_Phone|,|0|
|Afterlife|,|0|
|Frederick_Emerson_Peters|,|0|
|Martyrs_of_the_Spanish_Civil_War|,|0|
|NGC_485|,|0|
|Bill_Thomas_Cheetah|,|0|
|Formal_epistemology|,|0|
|HR_Top_40|,|0|
|Organic_computing|,|0|
|Chevrolet_Orlando|,|0|
|Henri_Cochet|,|0|
|YouTube_Rewind|,|0|
|BuzzTracker|,|0|
|Serena_Williams|,|0|
|Chemical_waste|,|0|
|Uncertainty|,|0|
|Sadh|,|0|
|Collective_for_Research_and_Training_on_Development-Action|,|0|
|Monolatry|,|0|
|Jiang_Qing|,|0|
|Go_the_Distance|,|0|
|Fork–exec|,|0|
|Robert_Swendsen|,|0|
|Acharya_Rameshwar_Jha|,|0|
|Chandrasekhar's_H-function|,|0|
|PZ_Myers|,|0|
|I.D._Systems|,|0|
|Radon–Riesz_property|,|0|
|Guangdong_Investment|,|0|
|Young_Foundation|,|0|
|Never_Gonna_Let_You_Go_(Sérgio_Mendes_song)|,|0|
|Register_(sociolinguistics)|,|0|
|Russell_Top_50_Index|,|0|
|Mult_box|,|0|
|Digitality|,|0|
|Allegations_of_support_system_in_Pakistan_for_Osama_bin_Laden|,|0|
|Rhabdomancy|,|0|
|TCP_hole_punching|,|0|
|Stephanie_of_Armenia|,|0|
|The_Royal_Kangaroos|,|0|
|Disposición_Final|,|0|
|Chemonics|,|0|
|Hysan_Development_Company|,|0|
|Gamma_Piscis_Austrini|,|0|
|Drought_Research_Initiative|,|0|
|Kingdom_of_Corsica_(1736)|,|0|
|Jirajaran_languages|,|0|
|Information_Processing_Language|,|1|
|Full-size_Ford|,|0|
|Bonding_psychotherapy|,|0|
|Omega_Persei|,|0|
|Saxony|,|0|
|Xi_Piscium|,|0|
|Steven_Brams|,|0|
|Horn_effect|,|0|
|Chief_business_officer|,|0|
|Galley_(kitchen)|,|0|
|CloudSight|,|0|
|Thermal_de_Broglie_wavelength|,|0|
|Fractional-order_integrator|,|0|
|Sororate_marriage|,|0|
|Content_marketing|,|0|
|Jane_Elizabeth_Conklin|,|0|
|Eponym|,|0|
|Vehicle-to-everything|,|0|
|Roundcube|,|0|
|Self-defining_Text_Archive_and_Retrieval|,|0|
|Banjo_(song)|,|0|
|Railway_costing|,|0|
|Xanga|,|0|
|Gridlink|,|0|
|Suedehead_(subculture)|,|0|
|Book_of_Life|,|0|
|Hippo_Campus|,|0|
|MySQLi|,|0|
|Rip_tide|,|0|
|Classification_schemes_for_indigenous_languages_of_the_Americas|,|0|
|High_Order_Language_Working_Group|,|0|
|Bin_packing_problem|,|0|
|Selda_and_Derek|,|0|
|Alcoholic_spirits_measure|,|0|
|NGC_152|,|0|
|Donald_G._Saari|,|0|
|Personal_identity|,|0|
|Call_of_Duty_2|,|0|
|Whitechapel_Road|,|0|
|Abysmal_Dawn|,|0|
|Don't_Stop_Now_(Bonnie_Davis_song)|,|0|
|Stregheria|,|0|
|Gliese_876|,|0|
|Think_It_Over_(Cissy_Houston_song)|,|0|
|Graph_dynamical_system|,|0|
|Cansino_family|,|0|
|International_Journal_of_Software_Engineering_and_Knowledge_Engineering|,|0|
|OpenChrom|,|0|
|Phone-in|,|0|
|1112_Polonia|,|0|
|Hurdy-gurdy|,|0|
|French_braid|,|0|
|Outline_of_computer_vision|,|0|
|Trinidad_and_Tobago_dry_forests|,|0|
|Percolation_threshold|,|0|
|Lord_Alfred_Douglas|,|0|
|Arthur_Ford_(psychic)|,|0|
|ATC_code_P|,|0|
|Camping_(game)|,|0|
|Arabist|,|0|
|Plague_Inc:_Evolved|,|0|
|Separation_of_mechanism_and_policy|,|0|
|Plastic_shaman|,|0|
|Antarctic_Specially_Managed_Area|,|0|
|Ambiguity_effect|,|0|
|Stereotypes_of_Jews_in_literature|,|0|
|Toda_bracket|,|0|
|Ethereum|,|0|
|Fugitive|,|0|
|Graph_rewriting|,|0|
|Bulhoek_massacre|,|0|
|Wadi_Al-Malik|,|0|
|Sambation|,|0|
|NGC_180|,|0|
|Nexus_S|,|0|
|Kernel_Fisher_discriminant_analysis|,|0|
|Wide_Awake_(song)|,|0|
|Dropbox_Carousel|,|0|
|Paris-Rhône|,|0|
|The_Hitchhiker's_Guide_to_the_Galaxy_(fictional)|,|0|
|WebScaleSQL|,|0|
|Foxfire_(magazine)|,|0|
|Aterciopelados|,|0|
|Acts_of_Paul|,|0|
|Olkhon_Gate|,|0|
|Moderately_prosperous_society|,|0|
|The_Fundamentalism_Project|,|0|
|Out-of-box_failure|,|0|
|Bernstein's_theorem_(polynomials)|,|0|
|Tathāgatagarbha_sūtras|,|0|
|Cellosaurus|,|0|
|Pacifica_(statue)|,|0|
|Artificial_intelligence_marketing|,|0|
|Daniel_Weinreb|,|0|
|KDE_Frameworks|,|0|
|Symposium_on_Principles_of_Self-Organization|,|0|
|Prime_World|,|0|
|NIMBY|,|0|
|Perfect_Skin_(The_69_Eyes_song)|,|0|
|Champagne_Supernova|,|0|
|Ratnākaraśānti|,|0|
|Ayahuasca|,|0|
|Mercedes-Benz_W123|,|0|
|Communities_of_innovation|,|0|
|Autonomism|,|0|
|MindMeister|,|0|
|A*_search_algorithm|,|0|
|International_reactions_to_the_Fukushima_Daiichi_nuclear_disaster|,|0|
|Trinitarian_universalism|,|0|
|Oral_law|,|0|
|Stagefright_(bug)|,|0|
|Juniper's_Knot|,|0|
|Synergy_(software)|,|0|
|Slingshot_argument|,|0|
|Terza_Posizione|,|0|
|Māori_science|,|0|
|Glory_(religion)|,|0|
|Logovisual_technology|,|0|
|Traffic_sign|,|0|
|Xylophone|,|0|
|Her_(dating_app)|,|0|
|Sand_dune_stabilization|,|0|
|Bloch's_principle|,|0|
|Ambigram|,|0|
|Formally_real_field|,|0|
|Trent_from_Punchy|,|0|
|Black_magic|,|0|
|Mobile_device_forensics|,|0|
|Condensation_algorithm|,|0|
|Keras|,|0|
|Wavin'_Flag|,|0|
|Mitsubishi_i|,|0|
|Emotional_conflict|,|0|
|Fatou–Lebesgue_theorem|,|0|
|MediaHuman_Audio_Converter|,|0|
|National_data_protection_authority|,|0|
|ConQAT|,|0|
|NGC_5585|,|0|
|Stage_School_Australia|,|0|
|Ginkgo|,|0|
|Image_warping|,|0|
|Bimodule|,|0|
|Homeless_Vulnerability_Index|,|0|
|Gervase_of_Melkley|,|0|
|Layer_group|,|0|
|Yarlung_Tsangpo_Grand_Canyon|,|0|
|Coding_(social_sciences)|,|0|
|PeerPong|,|0|
|Aquarius_(astrology)|,|0|
|Time_server|,|0|
|Nu_Eridani|,|0|
|Reference_model|,|0|
|Plumber|,|0|
|Coyle_v._Smith|,|0|
|Sequential_pattern_mining|,|0|
|Alesana|,|0|
|Contrapposto|,|0|
|Adobe_Audition|,|0|
|Epipsychidion|,|0|
|Final_functor|,|0|
|Ignosticism|,|0|
|People_of_the_Book|,|0|
|Hellebore|,|0|
|ISO_3166-2:BM|,|0|
|United_States_of_the_West|,|0|
|TRAPPIST-1g|,|0|
|Plucked_string_instrument|,|0|
|The_Last_Farewell|,|0|
|Cornish_wrestling|,|0|
|Logic_learning_machine|,|0|
|Dryopteris_marginalis|,|0|
|Lot's_daughters|,|0|
|Act_Naturally|,|0|
|Sunless_Sea|,|0|
|El_Siglo_Futuro|,|0|
|Ex-meridian|,|0|
|Münzregal|,|0|
|Illusion_of_validity|,|0|
|Andreas_Oechsner|,|0|
|Korg_Prophecy|,|0|
|Timeline_of_three_longest_spans|,|0|
|Lucien_Marcus_Underwood|,|0|
|Medal_of_the_Royal_Numismatic_Society|,|0|
|NGC_4689|,|0|
|Real_gross_domestic_product|,|0|
|Hofstra_University_rape_case|,|0|
|Robin_Wilson_(mathematician)|,|0|
|143_(number)|,|0|
|Ramer–Douglas–Peucker_algorithm|,|0|
|OpenEV|,|0|
|Even_If_It_Breaks_Your_Heart|,|0|
|International_Charter_'Space_and_Major_Disasters'|,|0|
|Communications-enabled_application|,|0|
|Vatican_City|,|0|
|OMTROLL|,|1|
|Internet_research|,|0|
|David_F._Bacon|,|0|
|Phono-semantic_matching|,|0|
|SigSpec|,|0|
|Escape_(Enrique_Iglesias_song)|,|0|
|Operant_conditioning|,|0|
|Futures_wheel|,|0|
|Come_a_Little_Bit_Closer|,|0|
|Change_of_command|,|0|
|LCARS|,|0|
|Organizational_ethics|,|0|
|Balanced_clustering|,|0|
|Lottery_jackpot_records|,|0|
|Al-Qaria|,|0|
|Takao_Nishizeki|,|0|
|Zenoss_Core|,|0|
|Comparison_of_MySQL_database_engines|,|0|
|AUTOEXEC.BAT|,|0|
|Gtranslator|,|0|
|Rural_community_vibrancy_index|,|0|
|Ramesh_Balsekar|,|0|
|Atomic_formula|,|0|
|Michael_Witzel|,|0|
|Kolakoski_sequence|,|0|
|Aquatic_respiration|,|0|
|Ursa_Major_in_Chinese_astronomy|,|0|
|YZ_Cassiopeiae|,|0|
|Londonbeat|,|0|
|118401_LINEAR|,|0|
|Clausius_theorem|,|0|
|Alpha_Centauri_Bb|,|0|
|Elizabeth_Crofts|,|0|
|Matrix_Template_Library|,|0|
|Making_Connections_Survey|,|0|
|Digital_photo_frame|,|0|
|Sheedi_Mela|,|0|
|Mike_Payne_(physicist)|,|0|
|Affair|,|0|
|Subud|,|0|
|Lucky_Star_(Madonna_song)|,|0|
|Plasco_Building|,|0|
|Traditional_Ambrosian_Rite|,|0|
|Nome_(spiritual_teacher)|,|0|
|Out_of_the_Park_Baseball|,|0|
|Barr_and_Stroud|,|0|
|Scientific_collaboration_network|,|0|
|Wetland_methane_emissions|,|0|
|Modified_gross_national_income|,|0|
|WCU_–_World_Currency_Unit|,|0|
|Hilbert's_basis_theorem|,|0|
|Loose_Change|,|0|
|SUPERM|,|0|
|Santa_Marta_montane_forests|,|0|
|Skew-symmetric_graph|,|0|
|Lost_in_Music|,|0|
|25_Phocaea|,|0|
|Basava|,|0|
|Single_rider|,|0|
|Maybe_(Brainstorm_song)|,|0|
|Lambda_Centauri|,|0|
|PySol|,|0|
|Nike+|,|0|
|Reaxys|,|0|
|Ascari_KZ1|,|0|
|John_Willoughby|,|0|
|Pine_tar|,|0|
|Hollywood_on_the_Tiber|,|0|
|Knowledge_engineering|,|0|
|Going_up_and_going_down|,|0|
|Diva_(Beyoncé_song)|,|0|
|Baldrick|,|0|
|Sum_of_absolute_differences|,|0|
|Pandora_Radio|,|0|
|Hackney_(automobile)|,|0|
|Greywater|,|0|
|Mac_CRM|,|0|
|SVG_filter_effects|,|0|
|Omicron_Coronae_Borealis|,|0|
|Acid_Bath|,|0|
|Percolation_critical_exponents|,|0|
|Peter_Ball_(bishop)|,|0|
|Pinalite|,|0|
|Lenovo_A10_tablet|,|0|
|Self-selection_bias|,|0|
|LifeCam|,|0|
|Necati_Arabaci|,|0|
|Marcus_Aemilius_Lepidus|,|0|
|Topological_entropy|,|0|
|Spica|,|0|
|Prosa_UML_Modeller|,|1|
|Act_to_Restrain_Abuses_of_Players|,|0|
|Walpurga_Hausmannin|,|0|
|Little_Talks|,|0|
|Searchers_(search_engine)|,|0|
|Hazard_(song)|,|0|
|Thomas_Doughty_(explorer)|,|0|
|Kepler-14|,|0|
|Downward_entailing|,|0|
|Assyrian_flag|,|0|
|Gopinath_Kaviraj|,|0|
|Bruno_Manser|,|0|
|Retrotransposon_marker|,|0|
|Kia_Sportage|,|0|
|Jaguar_XJ_(X351)|,|0|
|MariaDB|,|0|
|Do_You_Believe_in_Us|,|0|
|Alok_R._Chaturvedi|,|0|
|Islamic_views_on_sin|,|0|
|HD_142250|,|0|
|Comparison_of_cognitive_architectures|,|0|
|Status_message_(instant_messaging)|,|0|
|Isumbong_Mo_Kay_Tulfo|,|0|
|Sigma_Leonis|,|0|
|Aqion|,|0|
|Misology|,|0|
|Brian_Rua_U'Cearbhain|,|0|
|Stronghold_Kingdoms|,|0|
|Notre_Dame_school|,|0|
|Spice_Up_Your_Life|,|0|
|Caius_Norbanus_Sorex|,|0|
|NGC_113|,|0|
|Kampfite|,|0|
|Pontianak_(folklore)|,|0|
|Colony_of_Vancouver_Island|,|0|
|Kautz_graph|,|0|
|Phi_Velorum|,|0|
|Collatz_conjecture|,|0|
|Google_Street_View_privacy_concerns|,|0|
|IPodLinux|,|0|
|Three_Ages_of_Buddhism|,|0|
|Sobriquet|,|0|
|Journal_of_Formalized_Reasoning|,|0|
|Equivocation|,|0|
|Mawanella_riots|,|0|
|Hopf_invariant|,|0|
|Oklahoma_Enabling_Act|,|0|
|Lists_of_Catholicoi|,|0|
|Arctur-2|,|0|
|Gay_icon|,|0|
|Qing_(concept)|,|0|
|Weatherby_Swann|,|0|
|Roger_Schank|,|0|
|Megabyte|,|0|
|Brittle_system|,|0|
|La_Tribu_de_Dana|,|0|
|Underway|,|0|
|James'_space|,|0|
|Non-apology_apology|,|0|
|K-1000_battleship|,|0|
|Transcendental_Meditation_technique|,|0|
|Mickey_(song)|,|0|
|Possibility_theory|,|0|
|Sire|,|0|
|AdSense|,|0|
|DB_HBR_5|,|0|
|41_Arietis|,|0|
|Cooperativa_La_Cruz_Azul_S.C.L.|,|0|
|Chinese_wedding_door_games|,|0|
|Class_discrimination|,|0|
|Engineering_design_process|,|0|
|Ralahine|,|0|
|Evil_Islands:_Curse_of_the_Lost_Soul|,|0|
|Al-Qādisiyyah_(historical_city)|,|0|
|You_Make_Me_Feel_(AnnaGrace_song)|,|0|
|Kross_(software)|,|0|
|Georgina_Weldon|,|0|
|K-class_ferry|,|0|
|Psilomelane|,|0|
|Reachability|,|0|
|Sol_(format)|,|1|
|Soloveitchik|,|0|
|135_Hertha|,|0|
|Luis_Caffarelli|,|0|
|Frederic_W._H._Myers|,|0|
|Ekspress|,|0|
|Delphic_Sibyl|,|0|
|European_Higher_Education_Area|,|0|
|Smurl_haunting|,|0|
|Larry_Yaeger|,|0|
|Norwegian_patriciate|,|0|
|Tandy_Warnow|,|0|
|ZINC_database|,|0|
|Roger_O'Connor|,|0|
|NGC_7085|,|0|
|Will_Goldston|,|0|
|Printer_Command_Language|,|1|
|Signal_(IPC)|,|0|
|Alan_Leo|,|0|
|Tom's_Diner|,|0|
|Katōmado|,|0|
|2348_Michkovitch|,|0|
|Rychlé_šípy|,|0|
|Anemometer|,|0|
|Harvard_Forest|,|0|
|Animal-borne_bomb_attacks|,|0|
|The_Groundwork|,|0|
|Nu_Cephei|,|0|
|Command_pattern|,|0|
|Cambodia|,|0|
|NGC_1255|,|0|
|Automatic_sequence|,|0|
|Search_engine_optimization|,|0|
|Chronic_poverty|,|0|
|Mood-dependent_memory|,|0|
|Depopulation_of_cockroaches_in_post-Soviet_states|,|0|
|Da_Beatminerz|,|0|
|Katy_Perry_Live:_Witness_World_Wide|,|0|
|Lucky_Lew|,|0|
|Industrial_wastewater_treatment|,|0|
|Irish_Whales|,|0|
|Marshall_Hall_(mathematician)|,|0|
|Extended_finite_element_method|,|0|
|Duplicati|,|0|
|Love_at_First_Sight_(Kylie_Minogue_song)|,|0|
|ISO_3166-2:UM|,|0|
|Energy_system|,|0|
|John_Cleves_Symmes_Jr.|,|0|
|Namur_(province)|,|0|
|Territorial_principle|,|0|
|Jazba-e-Junoon|,|0|
|Pokémon_Channel|,|0|
|Base36|,|0|
|The_Elder_Scrolls_Travels|,|0|
|DronaHQ|,|0|
|Invasion_of_Buhran|,|0|
|Root_(band)|,|0|
|Spring_bloom|,|0|
|Mountain_bike_orienteering|,|0|
|Nostra_aetate|,|0|
|Broadcast.com|,|0|
|Tron_2.0|,|0|
|JailbreakMe|,|0|
|Sid_Barnes_with_the_Australian_cricket_team_in_England_in_1948|,|0|
|Spherical_multipole_moments|,|0|
|Biological_database|,|0|
|CycloMedia|,|0|
|World_Archery_Rankings|,|0|
|Slavery|,|0|
|He's_Got_the_Whole_World_in_His_Hands|,|0|
|KSE_100_Index|,|0|
|Chemistry_World|,|0|
|Outline_of_forestry|,|0|
|The_Martini_Henry_Rifles|,|0|
|Visual_communication|,|0|
|Alogia|,|0|
|Redbird_Flight_Simulations|,|0|
|Qui_a_le_droit...|,|0|
|SOALIB|,|0|
|Total_Drama_Action|,|0|
|Napoleon_and_the_Jews|,|0|
|Gambler's_ruin|,|0|
|Rye_Coalition|,|0|
|Media_(communication)|,|0|
|Acquiescence|,|0|
|Mehdi_Behzad|,|0|
|Kasepekang|,|0|
|SXDF-NB1006-2|,|0|
|Michael_Kohlhase|,|0|
|Jerry_Cotton|,|0|
|Shalom_Aleichem_(liturgy)|,|0|
|Sailing_at_the_1968_Summer_Olympics_–_Flying_Dutchman|,|0|
|RAND_Corporation|,|0|
|Porsche_914|,|0|
|Blackwell_(series)|,|0|
|Ducasse_de_Mons|,|0|
|The_Peninsula_Hotels|,|0|
|Thalassogen|,|0|
|Sky's_the_Limit_(Ola_song)|,|0|
|Media_ecology|,|0|
|High_Speed_vendor_Feed|,|0|
|FLOW-MATIC|,|1|
|Nested_function|,|0|
|1746_Brouwer|,|0|
|Heawood_number|,|0|
|Legal_management_consulting|,|0|
|Seasteading|,|0|
|Paul_H._Cress|,|0|
|One_Thousand_Children|,|0|
|Black_Tortoise|,|0|
|Somewhere_(song)|,|0|
|Parody_religion|,|0|
|Wheelchair_racquetball_classification|,|0|
|UrQMD|,|0|
|Segal_space|,|0|
|Androtomy|,|0|
|Hindustan_Unilever|,|0|
|Outline_of_Iran|,|0|
|Zermelo's_theorem_(game_theory)|,|0|
|Integrated_Taxonomic_Information_System|,|0|
|Academician_Ridge|,|0|
|Marcellus_of_Tangier|,|0|
|Ledger_(software)|,|0|
|Halwai|,|0|
|Health_3.0|,|0|
|Rock_veneer|,|0|
|Get_Rhythm|,|0|
|Antillean_Confederation|,|0|
|Ifood_(isotopic_food)|,|0|
|Appellation|,|0|
|False_self-employment|,|0|
|Persian_Jews|,|0|
|Constructive_analysis|,|0|
|Mawazine_stampede|,|0|
|Moylussa|,|0|
|TaskForceMajella|,|0|
|Prince_(software)|,|0|
|Si_Te_Vas_(Pedro_Fernández_song)|,|0|
|Whiteface_Mountain|,|0|
|That's_Not_My_Name|,|0|
|Niue|,|0|
|Running_Bear|,|0|
|Helvetium|,|0|
|Foreign_exchange_aggregator|,|0|
|Antarctica|,|0|
|Rector_(academia)|,|0|
|British_Association_for_Applied_Linguistics|,|0|
|Schanuel's_lemma|,|0|
|Bounce_with_Me|,|0|
|The_Darkness_(band)|,|0|
|People_Finder_Interchange_Format|,|1|
|Leray–Hirsch_theorem|,|0|
|Common_Object_Request_Broker_Architecture|,|0|
|Journal_of_Biomedical_Informatics|,|0|
|Frank_Hu|,|0|
|Supersymmetric_quantum_mechanics|,|0|
|Gottfried_Köthe|,|0|
|Gliese_876_b|,|0|
|31192_Aigoual|,|0|
|Uza_(song)|,|0|
|Never_Again_(Nickelback_song)|,|0|
|Fender_Bandmaster|,|0|
|Scale_of_one_to_ten|,|0|
|Europe_(dinghy)|,|0|
|Kodi_(software)|,|0|
|International_rankings_of_Bolivia|,|0|
|White_voice|,|0|
|Alloenzyme|,|0|
|Cleavage_(politics)|,|0|
|Burmah_(ship)|,|0|
|Job_Entry_Subsystem_2/3|,|0|
|Lattice_network|,|0|
|Fast_user_switching|,|0|
|International_rankings_of_South_Sudan|,|0|
|Prusa_i3|,|0|
|Al-Shifa_pharmaceutical_factory|,|0|
|ATC_code_R06|,|0|
|Progressive_enhancement|,|0|
|Charles_Miller_(medium)|,|0|
|204_(number)|,|0|
|It_Don't_Hurt_Like_It_Used_To|,|0|
|Boom_vang|,|0|
|Cortana_(Halo)|,|0|
|Exclusivism|,|0|
|Borel_determinacy_theorem|,|0|
|Ramani_Huria|,|0|
|We_Run_the_Night|,|0|
|DataPlow_SAN_File_System|,|0|
|Energy_minimization|,|0|
|MenuetOS|,|0|
|Cydrome|,|0|
|Method_overriding|,|0|
|Riemannian_metric_and_Lie_bracket_in_computational_anatomy|,|0|
|Pythagorean_astronomical_system|,|0|
|DASK|,|0|
|Timetree|,|0|
|Five_Ways_(Aquinas)|,|0|
|New_Forest_Shakers|,|0|
|Taoist_sexual_practices|,|0|
|Chachar|,|0|
|Samsung_Galaxy_Note_10.1_2014_Edition|,|0|
|Kepler-89|,|0|
|Tiantong_Zongjue|,|0|
|Google_Hangouts|,|0|
|Tertiary_color|,|0|
|Samarskite-(Y)|,|0|
|NUTS_statistical_regions_of_Lithuania|,|0|
|Denominación_de_Origen|,|0|
|Dogs_of_the_Dow|,|0|
|Posthumous_execution|,|0|
|Jesus_to_a_Child|,|0|
|British_Academy_of_Management|,|0|
|Nongqawuse|,|0|
|Đàn_đá|,|0|
|Comparison_of_object-relational_mapping_software|,|0|
|Noncommutative_residue|,|0|
|The_Hook|,|0|
|John_Lennon|,|0|
|Miracle_of_Calanda|,|0|
|TopHat_(bioinformatics)|,|0|
|Coiflet|,|0|
|Messier_78|,|0|
|R._Tyrrell_Rockafellar|,|0|
|Set_Fire_to_Flames|,|0|
|Multiply–accumulate_operation|,|0|
|Galli|,|0|
|Leaf_power|,|0|
|Buddhist_poetry|,|0|
|Romance-speaking_world|,|0|
|OpenThesaurus|,|0|
|Pole_of_inaccessibility|,|0|
|Ancient_Chinese_urban_planning|,|0|
|ISO_3166-2:TD|,|0|
|Dome_Patrol|,|0|
|Get_On_Your_Boots|,|0|
|Motorola_56000|,|0|
|Thule|,|0|
|Outline_of_Israel|,|0|
|Madagascar_lowland_forests|,|0|
|Automated_restaurant|,|0|
|Rota–Baxter_algebra|,|0|
|Enchanted_Moura|,|0|
|Lyapunov_vector|,|0|
|Çilekeş|,|0|
|The_Hard_Copy_Observer|,|0|
|Anton_Waisbecker|,|0|
|Spacecraft_design|,|0|
|Arpège|,|0|
|Jacques_Benveniste|,|0|
|Biblical_Magi|,|0|
|Apple_Video|,|0|
|Colóquios_dos_simples_e_drogas_da_India|,|0|
|Political_correctness|,|0|
|Equality_(mathematics)|,|0|
|Legendre_wavelet|,|0|
|Grayite|,|0|
|Kayra|,|0|
|Embowed|,|0|
|The_Ricky_Gervais_Show_(TV_series)|,|0|
|International_Islamic_Unity_Conference_(Iran)|,|0|
|Java_API_for_XML_Messaging|,|0|
|Tower_Prep|,|0|
|Hitori|,|0|
|GPD_Win|,|0|
|Wold's_theorem|,|0|
|Les_Paul_and_Mary_Ford|,|0|
|1491s|,|0|
|NUTS_statistical_regions_of_Slovakia|,|0|
|Event_0|,|0|
|Probabilistic_context-free_grammar|,|0|
|Lovecraft_Country|,|0|
|Uniform_continuity|,|0|
|AUJIK|,|0|
|History_of_Hindustani|,|0|
|Silver–Meal_heuristic|,|0|
|Psake|,|1|
|Coupling_from_the_past|,|0|
|Chip_'n_Dale:_Rescue_Rangers|,|0|
|Library_of_Congress_Classification:Class_Q_--_Science|,|0|
|Word_of_mouth|,|0|
|Roland_CUBE|,|0|
|Skulls_of_the_Shogun|,|0|
|Student's_t-distribution|,|0|
|Assyria_and_Germany_in_Anglo-Israelism|,|0|
|NGC_3115|,|0|
|Taoist_diet|,|0|
|Perdono|,|0|
|I_Still_Haven't_Found_What_I'm_Looking_For|,|0|
|256_(number)|,|0|
|Hardy–Littlewood_inequality|,|0|
|Tracing_garbage_collection|,|0|
|GADDAG|,|0|
|Aniconism_in_Buddhism|,|0|
|Zim_(software)|,|0|
|Walking_on_the_Moon|,|0|
|Ganzfeld_experiment|,|0|
|The_Flea_(fairy_tale)|,|0|
|ICanHazPDF|,|0|
|Theba_(Sindhi_tribe)|,|0|
|EKA2|,|0|
|Desert_Punk|,|0|
|Cognitive_load|,|0|
|Live_Search_Academic|,|0|
|Cumberland_darter|,|0|
|Second_Great_Rectification_Movement|,|0|
|Bullroarer|,|0|
|Poison_(Bell_Biv_DeVoe_song)|,|0|
|Sikkim_mountain_vole|,|0|
|Hamburg|,|0|
|The_Principle|,|0|
|American_Federation_of_Jews_from_Central_Europe|,|0|
|Power_Glove|,|0|
|Θ10|,|0|
|Julius_Caesar|,|0|
|Tephritid_Workers_Database|,|0|
|Steam_Powered_Giraffe|,|0|
|QuickCheck|,|0|
|Annie_Morrill_Smith|,|0|
|Security_type_system|,|0|
|Network_Performance_Monitoring_Solution|,|0|
|Great_Fire_of_Turku|,|0|
|Utendi_wa_Tambuka|,|0|
|Danelectro_Commando|,|0|
|Cast_Your_Fate_to_the_Wind|,|0|
|The_No-Nonsense_Guide_to_Science|,|0|
|Xmake|,|0|
|Homeopathy_and_Its_Kindred_Delusions|,|0|
|Query_language|,|0|
|The_Bellbirds|,|0|
|Cool_(Gwen_Stefani_song)|,|0|
|Carl_Sandburg_Home_National_Historic_Site|,|0|
|Self-styled_order|,|0|
|Diminutive|,|0|
|Snooker_world_rankings_2008/2009|,|0|
|Media_monitoring|,|0|
|Astah*|,|0|
|L'Année_épigraphique|,|0|
|Terminal_and_nonterminal_functions|,|0|
|ISO_3166-2:CU|,|0|
|Night_Watch_(video_game)|,|0|
|Ubuntu_Software_Center|,|0|
|Integer-valued_function|,|0|
|Serbian_mafia|,|0|
|2984_Chaucer|,|0|
|Gentlemen's_club|,|0|
|GeoServer|,|0|
|Bubble_Ghost|,|0|
|Lightning_activity_level|,|0|
|Direct_Graphics_Access|,|0|
|Acura_CDX|,|0|
|The_Early_History_of_God|,|0|
|Safe_harbor_(law)|,|0|
|Dropout_(communications)|,|0|
|Effects_of_Hurricane_Dennis_in_Haiti|,|0|
|Kazuo_Uzuki|,|0|
|Jerome_and_Evelyn_Ackerman|,|0|
|Trust_(emotion)|,|0|
|Null_coalescing_operator|,|0|
|Renault_Alpine_GTA/A610|,|0|
|Investigate_(magazine)|,|0|
|Kapitan_Dranitsyn|,|0|
|Pacrat|,|0|
|Cold_reading|,|0|
|Tom's_Planner|,|0|
|Tongues_in_the_Seventh-day_Adventist_Church|,|0|
|Grenoville|,|0|
|Chameleon_Circuit_(band)|,|0|
|Japanese_funeral|,|0|
|Ain't_No_Doubt|,|0|
|ThinkPad_Helix|,|0|
|Moldova|,|0|
|Coup_de_Boule|,|0|
|Snowflake_(slang)|,|0|
|The_Static_Speaks_My_Name|,|0|
|Ronin_(video_game)|,|0|
|Cheerleading|,|0|
|Global_Enabling_Trade_Report|,|0|
|On_and_On_and_On|,|0|
|Social_cloud_computing|,|0|
|Master_argument|,|0|
|Vocabularyclept_poem|,|0|
|ParaView|,|0|
|World_and_Olympic_records_set_at_the_1996_Summer_Olympics|,|0|
|Fine_Brothers|,|0|
|GNU_Compiler_for_Java|,|0|
|Shut_Up!_Cartoons|,|0|
|Compressed_audio_optical_disc|,|0|
|Squared_triangular_number|,|0|
|I_Velorum|,|0|
|WR_137|,|0|
|Marie_Lamont|,|0|
|Lagrangian_(field_theory)|,|0|
|Temporal_logic_in_finite-state_verification|,|0|
|Bolam_v_Friern_Hospital_Management_Committee|,|0|
|Quasithin_group|,|0|
|PHP-Qt|,|0|
|NUPACK|,|0|
|Chukwu_octuplets|,|0|
|Case_study|,|0|
|Troubadour|,|0|
|Addicted_to_a_Dollar|,|0|
|Robert_F._Murphy_(computational_biologist)|,|0|
|Aornum|,|0|
|Mahesh_Rangarajan|,|0|
|Labelling|,|0|
|Minification_(programming)|,|0|
|Shane_Legg|,|0|
|Kim_Clijsters|,|0|
|Freedom_Force_vs_the_3rd_Reich|,|0|
|Gard_model|,|0|
|MASON_(Java)|,|0|
|Siptah|,|0|
|Yoshimi_(synthesizer)|,|0|
|Acaciella_angustissima|,|0|
|Virtual_Programming_(company)|,|0|
|Adam_and_Eve|,|0|
|Coverage_of_Google_Street_View|,|0|
|Una_lacrima_sul_viso|,|0|
|Schuppan_962CR|,|0|
|Circumpolar_star|,|0|
|Maximum_length_sequence|,|0|
|Marquis_de_Condorcet|,|0|
|Planning_(cognitive)|,|0|
|Sid_Barnes|,|0|
|Wanda_Dynowska|,|0|
|Newspeak|,|0|
|Relative_bearing|,|0|
|Dylan_and_Cole_Sprouse|,|0|
|Amazing_(George_Michael_song)|,|0|
|Locally_catenative_sequence|,|0|
|I_mine_øjne|,|0|
|Susie_Darlin'|,|0|
|Valiha|,|0|
|JasperReports|,|0|
|SK1_(program)|,|0|
|Haro_11|,|0|
|Texas_v._Cobb|,|0|
|Monster_Go-DJ|,|0|
|Slide_on_the_Rhythm|,|0|
|Bowing|,|0|
|1106_Cydonia|,|0|
|Hoosier|,|0|
|Impact_bias|,|0|
|Emu_oil|,|0|
|October_2012_Yisraela_Goldblum_Fund_poll|,|0|
|Hamal|,|0|
|Scale_(map)|,|0|
|Master_Mold|,|0|
|Hamiltonian_(quantum_mechanics)|,|0|
|Voina|,|0|
|The_Oral_Cigarettes|,|0|
|Fail-fast|,|0|
|McPixel|,|0|
|Sacred_Oath|,|0|
|Dirichlet's_unit_theorem|,|0|
|Loneliness_(song)|,|0|
|Saturation_(graph_theory)|,|0|
|Wisecrack_(company)|,|0|
|Computer_simulation|,|0|
|Stanton_Davis_Kirkham|,|0|
|Guild_Wars_2:_Heart_of_Thorns|,|0|
|DeLano_Award_for_Computational_Biosciences|,|0|
|Stanisław_Jasiński_and_Emilia_Słodkowska|,|0|
|Your_Wildest_Dreams|,|0|
|Wes_McKinney|,|0|
|Dryopteris_affinis|,|0|
|Information_seeking_behavior|,|0|
|JACK_Intelligent_Agents|,|0|
|DeSmuME|,|0|
|Australian_Forest_History_Society|,|0|
|Rose_and_Crown_Club|,|0|
|Landscape_limnology|,|0|
|Site_Reliability_Engineering|,|0|
|Weird_Years|,|0|
|Member_states_of_the_United_Nations|,|0|
|Verde_Pulgar|,|0|
|Kinism|,|0|
|Mount_Thor|,|0|
|Five_Pure_Lights|,|0|
|Robert_X._Cringely|,|0|
|Standard_Business_Reporting|,|0|
|Xoanon|,|0|
|Psilocybe_zapotecorum|,|0|
|Arabic_media|,|0|
|Nadi_(yoga)|,|0|
|K.R.T._Girls|,|0|
|Impulse_Tracker|,|0|
|Simple_API_for_XML|,|0|
|Environments_(album_series)|,|0|
|Cartan_pair|,|0|
|Falnama|,|0|
|Henry_Roy_Brahana|,|0|
|Sangō_Shiiki|,|0|
|Motive_(algebraic_geometry)|,|0|
|Luis_Núñez_Ladevéze|,|0|
|Zfone|,|0|
|Education_reform|,|0|
|Pre-attentive_processing|,|0|
|Trail_map|,|0|
|Waffen-SS_in_popular_culture|,|0|
|NGC_6200|,|0|
|Book_Aid_International|,|0|
|Worms_3|,|0|
|Naimark's_dilation_theorem|,|0|
|Between-systems_memory_interference_model|,|0|
|NGC_7059|,|0|
|Tom_Gurl_Four|,|0|
|Attribute_clash|,|0|
|NGC_1807|,|0|
|Gayatri_Devi_Vasudev|,|0|
|Graph_canonization|,|0|
|Standard_atomic_weight|,|0|
|Finite_volume_method_for_three-dimensional_diffusion_problem|,|0|
|Woeseian_revolution|,|0|
|First-year_composition|,|0|
|NGC_4474|,|0|
|Explosion|,|0|
|Human_Protein_Reference_Database|,|0|
|Dungeon_Keeper|,|0|
|Jeff_Dean_(computer_scientist)|,|0|
|Marc_Lee|,|0|
|Alfa_Romeo_4C|,|0|
|Brouwer_Route|,|0|
|Phylogenetic_inference_using_transcriptomic_data|,|0|
|Glad_to_Know_You|,|0|
|Critical_path_method|,|0|
|RoboCop_(character)|,|0|
|Multiplicity-one_theorem|,|0|
|Palenque|,|0|
|Peruvian_Yungas|,|0|
|Ayaan_Hirsi_Ali|,|0|
|NGC_1342|,|0|
|Concurrent_logic_programming|,|0|
|Moduli_space|,|0|
|Cantor_function|,|0|
|Shell_plating|,|0|
|Polynesian_navigation|,|0|
|ManuelbastioniLAB|,|0|
|Theil_index|,|0|
|Urbanism_in_Iran:_Tehran|,|0|
|Galactorrhea|,|0|
|FreePBX|,|0|
|Program_on_Information_Resources_Policy|,|0|
|Liber_introductorius|,|0|
|Serapis_Bey|,|0|
|Ke_Kā_o_Makali‘i|,|0|
|G-Zero_world|,|0|
|Functional_integration|,|0|
|Chevrolet_Lumina_APV|,|0|
|Echinocereus|,|0|
|Pleon_(company)|,|0|
|Errno.h|,|0|
|Programme_for_International_Student_Assessment|,|0|
|Birth_(KAT-TUN_song)|,|0|
|World_Pantheist_Movement|,|0|
|Microsoft_Research_Maps|,|0|
|Lauricella_hypergeometric_series|,|0|
|Romeo_(Petula_Clark_song)|,|0|
|Grain_race|,|0|
|Arms_trafficking|,|0|
|Telephone_numbers_in_Thailand|,|0|
|I_Honestly_Love_You|,|0|
|Music_Australia|,|0|
|Mailfence|,|0|
|Awesome_(window_manager)|,|0|
|Abby_Aldrich_Rockefeller|,|0|
|Harmonic|,|0|
|Cisco_TelePresence|,|0|
|Gecko_(song)|,|0|
|PayPal_Mafia|,|0|
|SpeechWorks|,|0|
|Millennium-class_cruise_ship|,|0|
|Political_machine|,|0|
|BD_+17°_3248|,|0|
|Bridge_and_tunnel|,|0|
|Numerically_controlled_oscillator|,|0|
|Iota_Trianguli_Australis|,|0|
|Club_des_Cent|,|0|
|Problem_of_evil|,|0|
|Jón_Magnússon_(author)|,|0|
|Vincent_Bugliosi|,|0|
|Scientific_WorkPlace|,|0|
|HP_49/50_series|,|0|
|ILT|,|0|
|Nuclear_Dawn|,|0|
|GNU_Go|,|0|
|Gentleman_(Psy_song)|,|0|
|EGS-zs8-1|,|0|
|Qualitative_comparative_analysis|,|0|
|Fáry's_theorem|,|0|
|Parol|,|0|
|Samurai_(Super_Friends)|,|0|
|Optical_answer_sheet|,|0|
|Newcomb_ball|,|0|
|Komatsu_LAV|,|0|
|Peer_learning|,|0|
|Cupid.com|,|0|
|World_Digital_Magnetic_Anomaly_Map|,|0|
|WOH_G64|,|0|
|Tiger_Woods_PGA_Tour_12|,|0|
|Flow_to_HDL|,|0|
|African_folk_art|,|0|
|Dechristianization_of_France_during_the_French_Revolution|,|0|
|Freedom_'90|,|0|
|Young_European_Leadership|,|0|
|Vision_Forum_(art_organisation)|,|0|
|Beyond_the_Sixth_Seal|,|0|
|Maserati_Ghibli|,|0|
|American_Locomotive_Company|,|0|
|1817_Katanga|,|0|
|University_of_Redwood|,|0|
|Markov_switching_multifractal|,|0|
|Asphalt_4:_Elite_Racing|,|0|
|Visibroker|,|0|
|Microdistrict|,|0|
|Medicinal_clay|,|0|
|NGC_501|,|0|
|Maritime_forest|,|0|
|Tryton|,|0|
|Mindomo|,|0|
|Questionnaire|,|0|
|EUCC_–_The_Coastal_Union_Germany|,|0|
|Peter_J._Bentley|,|0|
|William_Henry_James_Blakemore|,|0|
|Laevens_1|,|0|
|Druid_(character_class)|,|0|
|Web_Coverage_Processing_Service|,|0|
|Bonnesen's_inequality|,|0|
|Message-oriented_middleware|,|0|
|Call_super|,|0|
|The_Questor_Tapes|,|0|
|Super_bantamweight|,|0|
|Jimmy_Wong|,|0|
|British_National_Corpus|,|0|
|NGC_496|,|0|
|Telephone_numbers_in_New_Zealand|,|0|
|Day_of_Infamy_(video_game)|,|0|
|Religion_and_schizophrenia|,|0|
|Muker_tribe|,|0|
|Suicide_prevention|,|0|
|Legality|,|0|
|Joseph_Okito|,|0|
|Mary_Bateman|,|0|
|Eran_Segal|,|0|
|Nostradamus|,|0|
|Equifax|,|0|
|Technology_dynamics|,|0|
|Abatement_(heraldry)|,|0|
|Dark_Side_(song)|,|0|
|Seeking_Alpha|,|0|
|Ontotheology|,|0|
|Marine_Aircraft_Group_31|,|0|
|13_Comae_Berenices|,|0|
|Women_warriors_in_literature_and_culture|,|0|
|Open_Mind_Common_Sense|,|0|
|American_folk_music|,|0|
|Disappearing_Model|,|0|
|Saint-Gobain|,|0|
|Complementation_of_Büchi_automaton|,|0|
|Cinema_(Benny_Benassi_song)|,|0|
|Continuous-time_quantum_Monte_Carlo|,|0|
|Bill_Foster_(performer)|,|0|
|Daheshism|,|0|
|Logic_optimization|,|0|
|Psilocybe_coprinifacies|,|0|
|Fusion_Bolt|,|0|
|Mitsuku|,|0|
|Locally_constant_function|,|0|
|Direct_Access_Archive|,|1|
|Kinetic_heater|,|0|
|The_Annual_Steve_Biko_Memorial_Lecture|,|0|
|Outline_of_Sierra_Leone|,|0|
|Laughing_Squid|,|0|
|Product_line_extension|,|0|
|Hugin_(software)|,|0|
|Pteridales|,|0|
|Trigonometric_moment_problem|,|0|
|AfterStep|,|0|
|Giovanni_Antonio_Scopoli|,|0|
|Summed-area_table|,|0|
|MacRuby|,|0|
|Punjabi_Saudagaran-e-Delhi|,|0|
|Du_Londel_Troupe|,|0|
|Alpha_Muscae|,|0|
|Players'_Bill_of_Rights|,|0|
|AmINext|,|0|
|Tribal_religions_in_India|,|0|
|Knowledge_organization_(management)|,|0|
|Granularity|,|0|
|GStreamer|,|0|
|Atlantic_(Semitic)_languages|,|0|
|Sweet_Dreams_(Don_Gibson_song)|,|0|
|Support_function|,|0|
|Nagual|,|0|
|Black_Power_movement|,|0|
|The_dragon_(Beowulf)|,|0|
|Successive_approximation_ADC|,|0|
|Public_opinion|,|0|
|Finite_volume_method|,|0|
|IPod_Mini|,|0|
|History_of_artificial_intelligence|,|0|
|Org-mode|,|0|
|Oath_of_vengeance|,|0|
|Bloodbath|,|0|
|ReDRagon|,|0|
|The_Beach_Boys|,|0|
|Brahmajna_Ma|,|0|
|Hot_Ones|,|0|
|Figure_of_speech|,|0|
|Telephone_numbers_in_Nigeria|,|0|
|The_Plastic_Constellations|,|0|
|Censorship_by_Google|,|0|
|Half_marathon_world_record_progression|,|0|
|Complex_event_processing|,|0|
|Greg_Stein|,|0|
|Abell_2061|,|0|
|Nomisma|,|0|
|Seapunk|,|0|
|Justice_for_Jews_from_Arab_Countries|,|0|
|Goldstine_theorem|,|0|
|Satcitananda|,|0|
|Ordre_Reaux_Croix|,|0|
|Star_Trek:_25th_Anniversary_(computer_game)|,|0|
|Erik_Demaine|,|0|
|Burning_bush|,|0|
|Memory_and_trauma|,|0|
|Strawberry_Letter_23|,|0|
|Grammy_Award_for_Best_Polka_Album|,|0|
|Avant_Window_Navigator|,|0|
|Groove_Music|,|0|
|Mahamayuri|,|0|
|Alive_in_Standby|,|0|
|Computational_irreducibility|,|0|
|Spewer|,|0|
|Domain_adaptation|,|0|
|Divided_We_Fall_(video_game)|,|0|
|Big_bang_adoption|,|0|
|Shamanism:_Archaic_Techniques_of_Ecstasy|,|0|
|Tutankhamun's_mask|,|0|
|The_Kill|,|0|
|Mu_Cancri|,|0|
|Peasant|,|0|
|Logic_centralization_pattern|,|0|
|Social_liberalism|,|0|
|Software_diagnosis|,|0|
|Alternating_Turing_machine|,|0|
|Boohwal|,|0|
|Electron_hole|,|0|
|Blocks_(C_language_extension)|,|0|
|Gold_Ashrafi|,|0|
|Digital_image|,|0|
|Shotgun_wedding|,|0|
|EcoSCOPE|,|0|
|Cray_SV1|,|0|
|WR_21a|,|0|
|Transverse_Mercator:_Redfearn_series|,|0|
|Academic_Senate|,|0|
|Link/cut_tree|,|0|
|Industrial_Bio-Test_Laboratories|,|0|
|Consensus_clustering|,|0|
|The_Rasmus|,|0|
|Woodsia_ilvensis|,|0|
|Sangley|,|0|
|Ly_Erg|,|0|
|JUCE|,|0|
|Lollipop_(Lil_Wayne_song)|,|0|
|Graph_amalgamation|,|0|
|Attachment_therapy|,|0|
|StyleCop|,|0|
|French_Theater_of_Gustav_III|,|0|
|Mont_Orford|,|0|
|Fuglede's_theorem|,|0|
|Trompenaars'_model_of_national_culture_differences|,|0|
|Murphy_Oil_USA_refinery_spill|,|0|
|Null_graph|,|0|
|Lookin'_for_Love|,|0|
|All_horses_are_the_same_color|,|0|
|Wastewater_treatment|,|0|
|Kanariya|,|0|
|Apache_fiddle|,|0|
|Outline_of_Uruguay|,|0|
|False_etymology|,|0|
|Yakuake|,|0|
|Servio|,|0|
|Severi–Brauer_variety|,|0|
|Deep_Silent_Complete|,|0|
|Blocks_Recording_Club|,|0|
|Eta1_Pictoris|,|0|
|Belt_filter|,|0|
|Fat_client|,|0|
|Water_and_Sanitation_Agency|,|0|
|1988_executions_of_Iranian_political_prisoners|,|0|
|Bragg_plane|,|0|
|Politicards|,|0|
|Chicago_Humanities_Festival|,|0|
|Egg_balancing|,|0|
|Aum_Shinrikyo|,|0|
|The_Garden_of_Cyrus|,|0|
|Three_Vajras|,|0|
|Last_Train_to_Clarksville|,|0|
|Pontic–Caspian_steppe|,|0|
|Negation_introduction|,|0|
|Visionary|,|0|
|Quaero|,|0|
|Muhammad:_The_Final_Legacy|,|0|
|Amygdalin|,|0|
|Jhallari|,|0|
|Discount_card|,|0|
|Delta2_Lyrae|,|0|
|General_Council_of_the_Pyrénées-Orientales|,|0|
|Descent_algebra|,|0|
|Opus_gallicum|,|0|
|Data_center_infrastructure_management|,|0|
|9_Sagittarii|,|0|
|Computational_magnetohydrodynamics|,|0|
|Winifred_Coombe_Tennant|,|0|
|Backfitting_algorithm|,|0|
|Magic:_The_Gathering_–_Duels_of_the_Planeswalkers|,|0|
|Circle_of_Contempt|,|0|
|Ephebiphobia|,|0|
|Organic_mineral|,|0|
|Expected_utility_hypothesis|,|0|
|A-Frame_(virtual_reality_framework)|,|0|
|Marginal_propensity_to_save|,|0|
|Petticoat_(magazine)|,|0|
|XMedia_Recode|,|0|
|Knowledge_café|,|0|
|Java_EE_Connector_Architecture|,|0|
|Trails_of_Yellowstone_National_Park|,|0|
|The_Six_Bullerby_Children|,|0|
|Insteon|,|0|
|Kosovo_Serbs|,|0|
|ISO_3166-2:MK|,|0|
|Sierpiński_curve|,|0|
|Learning_organization|,|0|
|Word2vec|,|0|
|Never_Too_Late_(Three_Days_Grace_song)|,|0|
|Upsilon1_Eridani|,|0|
|Basil_the_Physician|,|0|
|Effects_of_the_1947_Fort_Lauderdale_hurricane_in_Florida|,|0|
|1989_in_hammer_throw|,|0|
|Function_problem|,|0|
|Royal_Malta_Golf_Club|,|0|
|Donal_Collins|,|0|
|Carol_Ohmart|,|0|
|Synthetic_measure|,|0|
|WebML|,|0|
|Purism|,|0|
|Sid_Meier's_Covert_Action|,|0|
|Justine_Cassell|,|0|
|1956_Artek|,|0|
|Helmholtz_decomposition|,|0|
|Computational_and_Structural_Biotechnology_Journal|,|0|
|Alpha_Trianguli_Australis|,|0|
|Axial_multipole_moments|,|0|
|Learning_community|,|0|
|SWF|,|1|
|Comparison_(grammar)|,|0|
|Food_and_drink_prohibitions|,|0|
|Capacity_of_a_set|,|0|
|New_Executable|,|1|
|Selection_bias|,|0|
|Insightec|,|0|
|Factual_relativism|,|0|
|Interpretation_(philosophy)|,|0|
|Loungin|,|0|
|Qu_(programming_language)|,|1|
|NGC_4889|,|0|
|Allegations_of_United_States_support_for_the_Khmer_Rouge|,|0|
|Thomas_Huang|,|0|
|Strategy-stealing_argument|,|0|
|Maharajah_Jungle_Trek|,|0|
|Bit|,|0|
|Microsoft_Courier|,|0|
|I_Like_the_Sound_of_That|,|0|
|YEd|,|0|
|DOCLE|,|0|
|Wayne_C._Booth|,|0|
|Hit_3_Pack:_Forever|,|0|
|McCormick_v_Fasken_Martineau_DuMoulin_LLP|,|0|
|Star_Wars:_X-Wing|,|0|
|Zephyr_Teachout|,|0|
|Beat_the_System_(band)|,|0|
|ATunes|,|0|
|Amateur_sports|,|0|
|ISRA_International_Journal_of_Islamic_Finance|,|0|
|Hillbilly_Bone_(song)|,|0|
|Jasper_Wrath|,|0|
|Overqualification|,|0|
|Knol|,|0|
|Statue_of_Liberty|,|0|
|S-type_star|,|0|
|Ipu|,|0|
|Odd–even_rationing|,|0|
|Right_to_food_by_country|,|0|
|Euro_Disney_S.C.A.|,|0|
|Denarius|,|0|
|Asymptotic_giant_branch|,|0|
|Populism_in_Canada|,|0|
|Ajere_Ifa|,|0|
|Parikh's_theorem|,|0|
|Beta_Ophiuchi|,|0|
|ScoopWhoop|,|0|
|The_New_York_Times_Fiction_Best_Sellers_of_1953|,|0|
|Media_transparency|,|0|
|Love_the_World|,|0|
|Bad_Lip_Reading|,|0|
|Sekai_Shindokyo|,|0|
|Nuba_fighting|,|0|
|Red_Dirt_Skinners|,|0|
|Theleis_I_Den_Theleis|,|0|
|New_media_art|,|0|
|Nicholas_Irving|,|0|
|Feigned_madness|,|0|
|Operation_Snowcap|,|0|
|Hercules_(dwarf_galaxy)|,|0|
|Garshasp:_The_Monster_Slayer|,|0|
|Extensive_reading|,|0|
|39_Aurigae|,|0|
|Therapeutae|,|0|
|Priming_(psychology)|,|0|
|Kyzyl-Agash_Dam_failure|,|0|
|Paul_and_Shirley_Eberle|,|0|
|Voivod_(band)|,|0|
|Make_Me_Proud|,|0|
|MoFEM_JosePH|,|0|
|Uniq_(band)|,|0|
|Outline_of_Saint_Martin|,|0|
|Tag_omission|,|0|
|Adam7_algorithm|,|0|
|Middle_Finger_Salute|,|0|
|Ardour_(software)|,|0|
|Invasion_of_Banu_Lahyan|,|0|
|T1_(classification)|,|0|
|Foreign_relations_of_Myanmar|,|0|
|Rangi_and_Papa|,|0|
|Bateman's_principle|,|0|
|Rho_Cassiopeiae|,|0|
|DAX|,|0|
|Visual_short-term_memory|,|0|
|531_Zerlina|,|0|
|Language_event|,|0|
|Ecopreneurship|,|0|
|Java_syntax|,|0|
|Congruence_subgroup|,|0|
|Poincaré_duality|,|0|
|News_bureau|,|0|
|Narewka_(river)|,|0|
|Al_Aan_TV|,|0|
|Coronary_CT_angiography|,|0|
|Euclidean_division|,|0|
|Geolocation_Privacy_and_Surveillance_Act|,|0|
|Warlock_of_Chiloé|,|0|
|Friedrich_Nietzsche|,|0|
|Black_Shades|,|0|
|Three_Delivery|,|0|
|Review|,|0|
|Samsung_Galaxy_Tab_2_7.0|,|0|
|Effects_of_Hurricane_Wilma_in_The_Bahamas|,|0|
|Antigonus_II_Gonatas|,|0|
|Dera_(organization)|,|0|
|Spin_(physics)|,|0|
|Kalin_Iliev|,|0|
|Herman_Slater|,|0|
|Cop-win_graph|,|0|
|Referee_(association_football)|,|0|
|Grimoire|,|0|
|Tamada|,|0|
|Carter_constant|,|0|
|JCreator|,|0|
|Geography_of_Somalia|,|0|
|Ogi_Ogas|,|0|
|The_Devil_Went_Down_to_Georgia|,|0|
|Spartina_alterniflora|,|0|
|Nu_Draconis|,|0|
|Bharat_Petroleum|,|0|
|Unity_(user_interface)|,|0|
|Mitsubishi_Galant_VR-4|,|0|
|Biz_Stone|,|0|
|Blockquote_element|,|0|
|Downhaul|,|0|
|Child_laundering|,|0|
|Ukrainians|,|0|
|Twyla_Herbert|,|0|
|Pub_quiz|,|0|
|10_Years_(band)|,|0|
|ILWIS|,|0|
|Sigma_Puppis|,|0|
|LEIA_Inc|,|0|
|Oops!..._I_Did_It_Again_(song)|,|0|
|MQTT|,|0|
|Binarization_of_consensus_partition_matrices|,|0|
|Tumblr|,|0|
|Evolution_of_Cognition|,|0|
|Hidden_Colors|,|0|
|Color_BASIC|,|0|
|Enabling_technology|,|0|
|Ferrero–Washington_theorem|,|0|
|Outcast_(person)|,|0|
|Two-gospel_hypothesis|,|0|
|Telephone_numbers_in_Argentina|,|0|
|It's_Been_Awhile|,|0|
|Hosoya_index|,|0|
|Semantic_folding|,|0|
|Siblings_Day|,|0|
|Compact_car|,|0|
|Womance|,|0|
|Pagan_rock|,|0|
|I'll_Be_There_for_You_(Bon_Jovi_song)|,|0|
|Lactobacillus_jensenii|,|0|
|Hol_Chan_Marine_Reserve|,|0|
|Minna_Sora_no_Shita|,|0|
|Yellow_dune|,|0|
|Location-based_game|,|0|
|StarLink_corn_recall|,|0|
|Iris_relicta|,|0|
|Planar_algebra|,|0|
|Mention_(blogging)|,|0|
|Dilleniidae|,|0|
|CARDboard_Illustrative_Aid_to_Computation|,|0|
|Knowledge_Management_Professional_Society|,|0|
|Xinetd|,|0|
|Preprint|,|0|
|Weak_topology_(polar_topology)|,|0|
|Noogenesis|,|0|
|Euler_characteristic|,|0|
|Rainmaking_(ritual)|,|0|
|I_Can't_Stand_It_(song)|,|0|
|Co-operative_Federal_Trading_Services|,|0|
|Illicium|,|0|
|Familiarity_heuristic|,|0|
|Regency_dance|,|0|
|Silver_Machine|,|0|
|Đeravica|,|0|
|Hilary_Beckles|,|0|
|Fibred_category|,|0|
|Artin–Schreier_theory|,|0|
|Blechnum_wattsii|,|0|
|Teresa_de_Francisci|,|0|
|Kalam_cosmological_argument|,|0|
|Adult_Contemporary_(chart)|,|0|
|Jewish_Museum_in_Oslo|,|0|
|HP_TouchSmart|,|0|
|Numerical_cognition|,|0|
|Messier_30|,|0|
|Minaret_of_Freedom_Institute|,|0|
|Southwest_Elgin_Forest_Complex|,|0|
|Continuous_Plankton_Recorder|,|0|
|Tharsis_(video_game)|,|0|
|Zhenren|,|0|
|53_Piscium|,|0|
|In_My_Mind_(Heather_Headley_song)|,|0|
|379_Huenna|,|0|
|BookmarkSync|,|0|
|CICS|,|0|
|Jonas_Poole|,|0|
|Alcohol-free_zone|,|0|
|Semilir_eruption|,|0|
|LHS_288|,|0|
|Like_a_Hobo|,|0|
|KGeography|,|0|
|Hello_English|,|0|
|Roll_with_It_(Oasis_song)|,|0|
|1644_Rafita|,|0|
|Medicine_chest_(idiom)|,|0|
|Magical_tools_in_Wicca|,|0|
|Nomen_novum|,|0|
|Garside_classification|,|0|
|Covert_hypnosis|,|0|
|NGC_4598|,|0|
|House_of_Finwë|,|0|
|Line_spectral_pairs|,|0|
|Messier_52|,|0|
|Platonism_in_Islamic_Philosophy|,|0|
|Hetalia:_Axis_Powers|,|0|
|Lopes_Suasso|,|0|
|Leo_V_the_Armenian|,|0|
|The_New_York_Times_Fiction_Best_Sellers_of_1977|,|0|
|Value_judgment|,|0|
|Kumalak|,|0|
|Burlak|,|0|
|Hendrik_Mande|,|0|
|Trademark_classification|,|0|
|Squawk_Box|,|0|
|Superfluid_helium-4|,|0|
|Riot_police|,|0|
|POP-11|,|1|
|Center_on_Media_and_Child_Health|,|0|
|International_Orienteering_Federation|,|0|
|Ultra_Hal_Assistant|,|0|
|Trinity_Homilies|,|0|
|P8000|,|0|
|Paul_de_Man|,|0|
|Dwm|,|0|
|Paradigm|,|0|
|System_Shock_(band)|,|0|
|Meta_learning|,|0|
|Frame_problem|,|0|
|APT_(programming_language)|,|1|
|Mandelbulb|,|0|
|Famous_for_being_famous|,|0|
|Jingle_Bells/U_Can't_Touch_This|,|0|
|Pony_Island|,|0|
|Egoism|,|0|
|New_Orleans_diaspora|,|0|
|Autocoder|,|0|
|BAT99-98|,|0|
|Nuisance_parameter|,|0|
|VGMusic.com|,|0|
|The_Most_Popular_Girls_in_School|,|0|
|Religious_thought_of_Edmund_Burke|,|0|
|Medicamina_Faciei_Femineae|,|0|
|Deutschlandsender_Herzberg/Elster|,|0|
|Coupled_mode_theory|,|0|
|European_Thesaurus_on_International_Relations_and_Area_Studies|,|0|
|1-2-3_(Gloria_Estefan_and_Miami_Sound_Machine_song)|,|0|
|M101_Group|,|0|
|Walpurgis_Night|,|0|
|Metal_Gear|,|0|
|Gerbaldi's_theorem|,|0|
|Pickup_truck|,|0|
|NGC_7662|,|0|
|Lecture_consultant|,|0|
|Kepler-4|,|0|
|ISO_3166-2:TL|,|0|
|Hypercorrection|,|0|
|Rawiya|,|0|
|A_Puro_Dolor|,|0|
|Badger_Creek_Wilderness|,|0|
|Docblock|,|0|
|Calibration|,|0|
|Dear_Snow|,|0|
|Annabel_Elliot|,|0|
|Isolated_brain|,|0|
|Mcor_Technologies_Ltd|,|0|
|Toyota_4Runner|,|0|
|Mythical_theology|,|0|
|Mu_Mensae|,|0|
|National_Center_for_Genome_Resources|,|0|
|Real_estate_in_China|,|0|
|Color_killer|,|0|
|Semantic_interoperability|,|0|
|Downhill_creep|,|0|
|Speech_repetition|,|0|
|Santa_Claus_machine|,|0|
|Denjoy–Wolff_theorem|,|0|
|Chinstrap_penguin|,|0|
|Conflict-of-interest_editing_on_Wikipedia|,|0|
|Computational_Fluid_Dynamics_for_Phase_Change_Materials|,|0|
|International_Agriculture_Students_Symposium|,|0|
|Dark_Water_(2002_film)|,|0|
|Caraga_candy_poisonings|,|0|
|Google_Searchology|,|0|
|The_Californian_Ideology|,|0|
|Signal_programming|,|0|
|WinJS|,|0|
|Forest_Grove_Sound|,|0|
|Hard_Rock_Hallelujah|,|0|
|Everyman|,|0|
|Scripophily|,|0|
|Cryoturbation|,|0|
|Hartman–Grobman_theorem|,|0|
|Capital_adequacy_ratio|,|0|
|Mediakraft_Networks|,|0|
|Ranghar|,|0|
|Cornacchia's_algorithm|,|0|
|TimeCamp|,|0|
|Applied_Information_Science_in_Economics|,|0|
|Practice-based_professional_learning|,|0|
|Archon|,|0|
|Sisson_Documents|,|0|
|Heavyweight_(MMA)|,|0|
|Fibonacci_heap|,|0|
|Google_Fiber|,|0|
|Bandini_1100_siluro|,|0|
|Data_synchronization|,|0|
|Desertification|,|0|
|Neil_Robertson_(snooker_player)|,|0|
|Until_It_Sleeps|,|0|
|NGC_1903|,|0|
|Khanate_(band)|,|0|
|The_Minute_You're_Gone|,|0|
|Mugon..._Iroppoi|,|0|
|Understanding_(song)|,|0|
|Equale|,|0|
|Outline_of_Ghana|,|0|
|Roland_of_Cremona|,|0|
|Zombie_College|,|0|
|3635_Kreutz|,|0|
|Generalized_assignment_problem|,|0|
|Web_Services_Interoperability|,|0|
|Type_O_Negative|,|0|
|589_Croatia|,|0|
|Rho_Sagittarii|,|0|
|Blank_family|,|0|
|Manta_trawl|,|0|
|History_of_cinema_in_the_United_States|,|0|
|Corsican_mafia|,|0|
|Rübezahl|,|0|
|Ganga-Jamuni_tehzeeb|,|0|
|Institute_of_Jewish_Affairs|,|0|
|Church_of_Bible_Understanding|,|0|
|O'Grady|,|0|
|It's_My_Life_(Talk_Talk_song)|,|0|
|Vietnam:_The_Origins_of_Revolution|,|0|
|Relationship_between_mathematics_and_physics|,|0|
|Participatory_theory|,|0|
|4,4'-Methylenedianiline|,|0|
|The_Maccabees_(band)|,|0|
|Bernstein's_constant|,|0|
|Crucified_(Army_of_Lovers_song)|,|0|
|Hope_chest|,|0|
|Gandhara|,|0|
|Order_polynomial|,|0|
|TrumpiLeaks|,|0|
|Western_Himalayan_subalpine_conifer_forests|,|0|
|Aakash_2|,|0|
|Consumer_price_index_(South_Africa)|,|0|
|XMind|,|0|
|Brite_Futures|,|0|
|Wuzzuf|,|0|
|Keytar|,|0|
|Zaz_(video_game)|,|0|
|Comme_j'ai_toujours_envie_d'aimer|,|0|
|Subobject|,|0|
|Eta_Persei|,|0|
|Occam_learning|,|0|
|Alternative_Christmas_message|,|0|
|Kiten_(program)|,|0|
|Korean_Seon|,|0|
|Glen_and_Bessie_Hyde|,|0|
|Bright_Computing|,|0|
|Tapovan_Maharaj|,|0|
|Sister_language|,|0|
|Harvard–Yenching_Classification|,|0|
|Causes_of_landslides|,|0|
|Pink_(song)|,|0|
|Normal_Accidents|,|0|
|Langlands_program|,|0|
|Hot_in_Herre|,|0|
|Sicga|,|0|
|Supercommutative_algebra|,|0|
|Biskit|,|0|
|NetCache|,|0|
|The_Fox_and_the_Grapes|,|0|
|Big_Tex|,|0|
|David_Ruelle|,|0|
|ADS_7251|,|0|
|Samuel_Primo|,|0|
|UX_Lyncis|,|0|
|Riparian_zone|,|0|
|Database_Management_Library|,|0|
|Domain-specific_language|,|0|
|Google_I/O|,|0|
|HR_8799_b|,|0|
|India|,|0|
|Breaking_the_Habit_(song)|,|0|
|Stockwell_ghost|,|0|
|Outline_of_Aruba|,|0|
|Unmute|,|0|
|Graph_theory|,|0|
|Rybczynski_theorem|,|0|
|Erdős_conjecture_on_arithmetic_progressions|,|0|
|Martyrs_of_Gorkum|,|0|
|Marco_Bragadino|,|0|
|Cloud_robotics|,|0|
|Saint_Spyridon|,|0|
|Organizing_Knowledge_Cognitively|,|0|
|Census_of_Antarctic_Marine_Life|,|0|
|Athyrium_niponicum|,|0|
|Finitely_generated_module|,|0|
|Constitution_of_Medina|,|0|
|Jersey_Devil|,|0|
|New_China_Life_Insurance|,|0|
|Arigato_(B'z_song)|,|0|
|Breeches_role|,|0|
|Psi_Crateris|,|0|
|Forest-Range_Environmental_Study_Ecosystems|,|0|
|For-profit_corporation|,|0|
|International_Soil_Reference_and_Information_Centre|,|0|
|Cohn_process|,|0|
|Deep_Blue_C|,|0|
|3SUM|,|0|
|NGC_7034|,|0|
|Dawn_of_Relic|,|0|
|NGC_101|,|0|
|Social_information_processing|,|0|
|Eesti_Televisioon|,|0|
|Wicked_problem|,|0|
|News_agency|,|0|
|IMOD_(software)|,|0|
|Erdős_number|,|0|
|Ulcerate|,|0|
|Drupal|,|0|
|Capsizing|,|0|
|Seven_Tears_(song)|,|0|
|Four_Eleven_Forty_Four|,|0|
|Apple_Open_Directory|,|0|
|Chimborazo|,|0|
|Steady_state_visually_evoked_potential|,|0|
|Automatic_Computing_Engine|,|0|
|Suitability_model|,|0|
|High-intensity_magnetic_separator|,|0|
|I'm_Too_Sexy|,|0|
|Hang_On_Sloopy|,|0|
|Protection_Profile|,|0|
|BioPAX|,|1|
|The_New_York_Times_Fiction_Best_Sellers_of_1982|,|0|
|Syntax_diagram|,|0|
|Tuxedos_(EP)|,|0|
|Practical_syllogism|,|0|
|Yetter–Drinfeld_category|,|0|
|Alfa_Romeo_Disco_Volante_by_Touring|,|0|
|DRL_(video_game)|,|0|
|Ebba_Grön|,|0|
|David_Southall|,|0|
|Knee_(geography)|,|0|
|Act_of_state_doctrine|,|0|
|History_of_comics|,|0|
|Unbarred_spiral_galaxy|,|0|
|O-minimal_theory|,|0|
|Spaceward_Ho!|,|0|
|Berlekamp's_algorithm|,|0|
|Jennifer_Nagel|,|0|
|ToTheBones|,|0|
|Nepal_(band)|,|0|
|Adobe_Fireworks|,|0|
|MX_vs._ATV_Supercross|,|0|
|Don't_Worry_Baby|,|0|
|Origin_(band)|,|0|
|SuperTalk|,|1|
|Mercedes-Benz_C-Class_(W202)|,|0|
|Blazon|,|0|
|The_Chinese_Club|,|0|
|Multicommunicating|,|0|
|London_Hammer|,|0|
|Rahmanism|,|0|
|South_Negril_Point|,|0|
|Linear_inequality|,|0|
|Old_Price_Riots|,|0|
|Robert_Braithwaite_(bryologist)|,|0|
|Tape_correction_(surveying)|,|0|
|Halloween_documents|,|0|
|Javelin_PDF_Reader|,|0|
|PHP/Java_Bridge|,|0|
|Cameron–Martin_theorem|,|0|
|Mensheviks|,|0|
|MetaWeblog|,|0|
|Malcolm_Reynolds|,|0|
|Modelling_biological_systems|,|0|
|Stereo_Love|,|0|
|Jamesonia|,|0|
|Mystery_Trackers_(series)|,|0|
|Alan_Tucker|,|0|
|Short_Payment_Descriptor|,|1|
|Gravitational_biology|,|0|
|Hot_Thespian_Action|,|0|
|Bourbon_&_Boots|,|0|
|Chebyshev_pseudospectral_method|,|0|
|Step_and_Go|,|0|
|Hitomi_no_Screen|,|0|
|Consilience|,|0|
|Fish_kill|,|0|
|Thriller_(Michael_Jackson_album)|,|0|
|BRIC|,|0|
|Cray-2|,|0|
|Class_of_groups|,|0|
|NGC_1309|,|0|
|Spare_part|,|0|
|Red_Sky_July|,|0|
|Xi_Cygni|,|0|
|ISO_3166-2:CK|,|0|
|Panayiotou_v_Sony_Music_Entertainment_(UK)_Ltd|,|0|
|Cyathea_humilis|,|0|
|Synthetic_genomics|,|0|
|V429_Geminorum|,|0|
|Loanword|,|0|
|Rooney_(band)|,|0|
|The_Haunting_of_Sunshine_Girl|,|0|
|Jethal_clan|,|0|
|Site_selection|,|0|
|ISO_3166-2:PA|,|0|
|Enhanced_Voice_Services|,|0|
|J._W._Dunne|,|0|
|Total_angular_momentum_quantum_number|,|0|
|Colin_McGinn|,|0|
|Sculptor_Dwarf_Galaxy|,|0|
|Dexiosis|,|0|
|Liberal_theism|,|0|
|Chicken_Fried|,|0|
|Journalistic_objectivity|,|0|
|Cosmic_View|,|0|
|Magix_Sequoia|,|0|
|Claudia_Neuhauser|,|0|
|Khirqa|,|0|
|The_Book_of_Giants|,|0|
|Gustav_Landauer|,|0|
|Arthur_Burks|,|0|
|Pioneers_of_Prosperity|,|0|
|Joshua_David_Stone|,|0|
|Great_Depression_in_the_Netherlands|,|0|
|Augusto_Ruschi_Biological_Reserve|,|0|
|Emergency_operations_center|,|0|
|Health_Service_Journal|,|0|
|Eclipse_Sirius|,|0|
|Aquarian_Tabernacle_Church|,|0|
|Aegean_and_Western_Turkey_sclerophyllous_and_mixed_forests|,|0|
|Papyrus_Oxyrhynchus_4|,|0|
|Kirk_Bloodsworth|,|0|
|HR_4699|,|0|
|MBC_3_(MENA)|,|0|
|Dylan_Casey|,|0|
|Multitree|,|0|
|Breaking_Benjamin|,|0|
|Yusheng_S330|,|0|
|Indy_100|,|0|
|Compare.com|,|0|
|Pretending_(HIM_song)|,|0|
|Yii|,|0|
|Cipla|,|0|
|Dashiki|,|0|
|Old_money|,|0|
|Smart_grid|,|0|
|Ramanandi_Sampradaya|,|0|
|Kulak|,|0|
|AVM_Runestone|,|0|
|Hub-and-spoke_conspiracy|,|0|
|Scoring_the_Hales|,|0|
|Panspermia|,|0|
|Songkick|,|0|
|I_Wanna_Feel|,|0|
|Microscopium|,|0|
|Publishers_Weekly_list_of_bestselling_novels_in_the_United_States_in_the_1950s|,|0|
|Scanline_rendering|,|0|
|The_Valley_of_the_Shadow|,|0|
|Watchtower_(magic)|,|0|
|Doorman_(company)|,|0|
|Gymnopilus_validipes|,|0|
|Torf-Einarr|,|0|
|Research,_Information_and_Communications_Unit|,|0|
|Covering_problem_of_Rado|,|0|
|Campanian_vase_painting|,|0|
|Arab_Islamic_Republic|,|0|
|Ashwin_Ram|,|0|
|Run_Devil_Run_oil|,|0|
|Meister_Cody|,|0|
|Misogyny_in_sports|,|0|
|Dalian|,|0|
|Urim_and_Thummim|,|0|
|North_American_Monsoon|,|0|
|With_or_Without_You|,|0|
|Elżbieta_Szydłowska|,|0|
|Grave_Digger_(band)|,|0|
|Post's_lattice|,|0|
|Marathi_Muslims|,|0|
|Ethnic_stereotypes_in_comics|,|0|
|Frankenstein_(instrumental)|,|0|
|The_Bible:_In_the_Beginning...|,|0|
|Northwestern_thorn_scrub_forest|,|0|
|Colorado_River_Basin_Salinity_Control_Act|,|0|
|Psilocybe_mammillata|,|0|
|Optics_Software_for_Layout_and_Optimization|,|0|
|There_are_no_atheists_in_foxholes|,|0|
|Canadian_traveller_problem|,|0|
|Sparse_conditional_constant_propagation|,|0|
|Twelve_Tribes_communities|,|0|
|Matrix_norm|,|0|
|Halstead_complexity_measures|,|0|
|PlayStation_Home|,|0|
|Google_Person_Finder|,|0|
|Thévenin's_theorem|,|0|
|Zune|,|0|
|Når_intet_er_godt_nok|,|0|
|Fundamental_interaction|,|0|
|Sauropod_neck_posture|,|0|
|StreamSQL|,|1|
|Alexander_Zorich|,|0|
|ISO_3166-2:BS|,|0|
|Draw_My_Life|,|0|
|Detoxification_foot_pads|,|0|
|Girlfriend_(NSYNC_song)|,|0|
|Calcutta_(band)|,|0|
|Homological_mirror_symmetry|,|0|
|Timeline_of_the_Unification_Church|,|0|
|Juniper_berry|,|0|
|Fiber_roll|,|0|
|Perl_Compatible_Regular_Expressions|,|0|
|Zemannite|,|0|
|Conjugate_beam_method|,|0|
|Ironclad_Tactics|,|0|
|K_Desktop_Environment_1|,|0|
|Exponential_sheaf_sequence|,|0|
|Temple_of_Love_(BWO_song)|,|0|
|Francis_Clive-Ross|,|0|
|Air_Force_Training_Group_RAAF|,|0|
|Farr_Maxi_One_Design|,|0|
|C_Puppis|,|0|
|Very_minimum_shift_keying|,|0|
|Pango|,|0|
|The_Elephant_6_Recording_Company|,|0|
|Wembley’s_Conference_of_Living_Religions_1924|,|0|
|NGC_5837|,|0|
|Pip_(package_manager)|,|0|
|Johann_Reinhold_Forster|,|0|
|Chevrolet_Venture|,|0|
|Kaye_Don|,|0|
|Systems_and_Synthetic_Biology|,|0|
|Design_computing|,|0|
|Newroz_as_celebrated_by_Kurds|,|0|
|Hoobastank|,|0|
|Dulcimer|,|0|
|Mushroom_Networks|,|0|
|Hadith_of_Jesus_Praying_Behind_Mahdi|,|0|
|Undertale|,|0|
|Carmen_(verse)|,|0|
|Böhm's_language|,|1|
|John_of_St_Amand|,|0|
|Vitaly_Borker|,|0|
|Kappa_Ophiuchi|,|0|
|From_Zero_to_Hero|,|0|
|S.H.E|,|0|
|Dipole|,|0|
|Response_rate_(survey)|,|0|
|Norma_M6|,|0|
|The_Other_Side_of_AIDS|,|0|
|All_the_Things_She_Said|,|0|
|Home_fuel_cell|,|0|
|Black_Country_Communion|,|0|
|Oak_savanna|,|0|
|ADS_1359|,|0|
|Pardo_Brazilians|,|0|
|2004_in_the_decathlon|,|0|
|Adivasi|,|0|
|Decision_tree_model|,|0|
|V605_Aquilae|,|0|
|Epsilon_Arae|,|0|
|I_Never_Loved_a_Man_(The_Way_I_Love_You)|,|0|
|Are_You_Gonna_Go_My_Way_(song)|,|0|
|Programme_One|,|0|
|Freeform_surface_modelling|,|0|
|Third-party_custody|,|0|
|Imperial_Germans|,|0|
|Come_On_Eileen|,|0|
|Environmental_Vulnerability_Index|,|0|
|Physical_attractiveness_stereotype|,|0|
|Ballotpedia|,|0|
|Orange_E200|,|0|
|No_first_use|,|0|
|Samsung_Galaxy_(original)|,|0|
|Just_another_Perl_hacker|,|0|
|Bankruptcy_of_Lehman_Brothers|,|0|
|Kakutani_fixed-point_theorem|,|0|
|Sensitivity_training|,|0|
|Asma_Agbarieh|,|0|
|Lumer–Phillips_theorem|,|0|
|20_Leonis_Minoris|,|0|
|Hot_isostatic_pressing|,|0|
|Information_Systems_Journal|,|0|
|BASIC_8|,|0|
|Emotional_bias|,|0|
|Batalin–Vilkovisky_formalism|,|0|
|The_Cavern_Clan|,|0|
|Alice_E._Shapley|,|0|
|Canonization_of_the_Romanovs|,|0|
|Periaktos|,|0|
|Cleaveland_(whaling_family)|,|0|
|Two_More_Eggs|,|0|
|Matrix_equivalence|,|0|
|Who's_Who_Among_Students_in_American_Universities_and_Colleges|,|0|
|Eric_Eldred|,|0|
|Greek_mythology|,|0|
|Anti-Grain_Geometry|,|0|
|SQ_(program)|,|0|
|1253_Frisia|,|0|
|Friendzone|,|0|
|Moneda_(song)|,|0|
|Rink_bandy|,|0|
|Non-Verbal_Reasoning|,|0|
|World_Of_Brad|,|0|
|Segal_conjecture|,|0|
|No_No_Never|,|0|
|Clement_of_Alexandria|,|0|
|Localization_of_a_category|,|0|
|It_Feels_So_Good|,|0|
|Ecophagy|,|0|
|Aquatic_biomonitoring|,|0|
|Weddell_Island|,|0|
|Bushveldt_Carbineers|,|0|
|Exponential_function|,|0|
|JigTalk|,|0|
|CIV_(band)|,|0|
|For_Want_of_a_Nail|,|0|
|Singular_integral_operators_on_closed_curves|,|0|
|This_Just_In!|,|0|
|International_wheat_production_statistics|,|0|
|Gueraula_de_Codines|,|0|
|Criticism_of_Jesus|,|0|
|Witchy|,|0|
|Under_Pressure|,|0|
|Padé_table|,|0|
|Wardrobe_supervisor|,|0|
|Sidonia_von_Borcke|,|0|
|Climm|,|0|
|The_Station_nightclub_fire|,|0|
|Lucky_stone|,|0|
|CarWings|,|0|
|Mahler_polynomial|,|0|
|Three_Linguistic_Spaces|,|0|
|In_saecula_saeculorum|,|0|
|Pleistocene_Park|,|0|
|Student_teacher|,|0|
|Theme_from_The_Dukes_of_Hazzard_(Good_Ol'_Boys)|,|0|
|Mazur's_lemma|,|0|
|Cooperative_breeding|,|0|
|XACML|,|1|
|Shen_Kuo|,|0|
|Torrent_poisoning|,|0|
|Retention_schedule|,|0|
|Two-stage_theory|,|0|
|MolIDE|,|0|
|Savitri_Devi|,|0|
|Knowledge_extraction|,|0|
|International_Journal_of_Circumpolar_Health|,|0|
|My_Feeling|,|0|
|Meir_ben_Ezekiel_ibn_Gabbai|,|0|
|Timeline_of_European_exploration|,|0|
|Gewirtz_graph|,|0|
|J._Tinsley_Oden|,|0|
|Nissan_370Z|,|0|
|Dave_Considine|,|0|
|Lindley's_paradox|,|0|
|Open_publishing|,|0|
|Barcode_of_Life_Data_Systems|,|0|
|Sister_Wives|,|0|
|Synthetic_instrument|,|0|
|Aaron_Marcus|,|0|
|Charles_and_Ray_Eames|,|0|
|Lamborghini_Aventador|,|0|
|Answers_in_Genesis|,|0|
|Reki-jo|,|0|
|Minneapolis_Domestic_Violence_Experiment|,|0|
|Dogon_languages|,|0|
|Cosmolabe|,|0|
|O-type_main-sequence_star|,|0|
|City_of_London|,|0|
|Muhammad_Atta-ullah_Faizani|,|0|
|Scafell_Pike|,|0|
|Pawprints_of_Katrina|,|0|
|XVL|,|1|
|Romeo_and_Juliet_(Alec_R._Costandinos_song)|,|0|
|ILoo|,|0|
|Pseudomalachite|,|0|
|Aggregate_expenditure|,|0|
|Silva_Method|,|0|
|Foot_hockey|,|0|
|Margaret_Farley|,|0|
|DNASTAR|,|0|
|Harvey_Weinstein_sexual_abuse_allegations|,|0|
|Measures_of_gender_equality|,|0|
|Barn_dance|,|0|
|Missä_muruseni_on|,|0|
|Lola_Soledad|,|0|
|BattleTech_(video_game)|,|0|
|Shine_(Take_That_song)|,|0|
|Hollandite|,|0|
|Triangular_corner_flags_in_English_football|,|0|
|Law_&_Order:_Legacies|,|0|
|Personal_luxury_car|,|0|
|Illusion_of_external_agency|,|0|
|Windows_Media_Components_for_QuickTime|,|0|
|Transformation_(function)|,|0|
|EUCARIS|,|0|
|Sage_writing|,|0|
|Mancoluto|,|0|
|SpeechCycle|,|0|
|Evidence-based_research|,|0|
|Angus_Macnab|,|0|
|Messier_108|,|0|
|Snooker_world_rankings_1996/1997|,|0|
|It's_Worth_It|,|0|
|Savart_wheel|,|0|
|Wall_plate|,|0|
|Lambda_Aquilae|,|0|
|Theophilos_(emperor)|,|0|
|Zeta_Ophiuchi|,|0|
|Bucket_queue|,|0|
|STING|,|0|
|Ruppert's_algorithm|,|0|
|Atari_SAP_music_format|,|1|
|Service_choreography|,|0|
|Rotana_Mousica|,|0|
|Raptor_(robot)|,|0|
|Properties_of_polynomial_roots|,|0|
|Locally_profinite_group|,|0|
|Descent_direction|,|0|
|Marine_life|,|0|
|Salween_River|,|0|
|Arnaud_Amalric|,|0|
|ATC_code_N02|,|0|
|Throw_In|,|0|
|Darlington_Lecture|,|0|
|Gift_(Kanjani_Eight_EP)|,|0|
|For_loop|,|0|
|Access_303|,|0|
|Gamma_Coronae_Borealis|,|0|
|Screenless|,|0|
|Gemma_Galgani|,|0|
|Huld|,|0|
|Antihero|,|0|
|1235_Schorria|,|0|
|Eric_Hippeau|,|0|
|Information_explosion|,|0|
|Hyoscyamine|,|0|
|Outline_of_Namibia|,|0|
|Agava|,|0|
|Innovation_Union_Scoreboard|,|0|
|Zuckerman_functor|,|0|
|PROPT|,|0|
|AudioBoom|,|0|
|Baidu_Yi|,|0|
|Outline_of_the_Soviet_Union|,|0|
|Podunk|,|0|
|4690_Operating_System|,|0|
|Eumenes_III|,|0|
|Christian_heresy_in_the_modern_era|,|0|
|Attribute_substitution|,|0|
|Deflection_(ballistics)|,|0|
|Epistrophe|,|0|
|DY_Centauri|,|0|
|Wehea_Forest|,|0|
|Phonological_history_of_English_consonants|,|0|
|Aniruddha's_Academy_of_Disaster_Management|,|0|
|Experimental_language|,|0|
|Boehm_system_(clarinet)|,|0|
|Shantideva|,|0|
|Psilocybe_moseri|,|0|
|Var_83|,|0|
|Qualtrics|,|0|
|Physical_training_uniform|,|0|
|Natural_burial|,|0|
|Babe_(Styx_song)|,|0|
|Group_theatre_of_Kolkata|,|0|
|Cittern|,|0|
|ABMAP|,|0|
|Papier-mache_offering_shops_in_Hong_Kong|,|0|
|The_Clash|,|0|
|Livets_Ord|,|0|
|Roland_Rhythm_77|,|0|
|SciDAVis|,|0|
|One_Day_I'll_Fly_Away|,|0|
|Andrew_Wakefield|,|0|
|ISO_3166-2:SM|,|0|
|Neutron_stimulated_emission_computed_tomography|,|0|
|Ideal_observer_theory|,|0|
|Ontario_Heritage_Act|,|0|
|Tug_of_war|,|0|
|Echo_(computing)|,|0|
|Ethel_Post-Parrish|,|0|
|Psilocybe_hispanica|,|0|
|Harwell_CADET|,|0|
|Ethnogenesis|,|0|
|Kenny_Sahr|,|0|
|All_My_Life_(Foo_Fighters_song)|,|0|
|St._Brandon|,|0|
|Citizens'_Initiative_Review|,|0|
|Got_a_Love_for_You|,|0|
|Smart_Way_Reading_and_Spelling|,|0|
|Omega_Centauri|,|0|
|Gibbard's_theorem|,|0|
|LP_145-141|,|0|
|Legal_malpractice|,|0|
|GCcollab|,|0|
|Dreamwidth|,|0|
|Neuroscience_Information_Framework|,|0|
|Nomothetic_and_idiographic|,|0|
|Biodynamic_agriculture|,|0|
|Hilbert's_twelfth_problem|,|0|
|Fuzzing|,|0|
|Organ_Trail|,|0|
|Burmese_zodiac|,|0|
|Jassar_(name)|,|0|
|Mind_Stream|,|0|
|Caravel|,|0|
|Shahada|,|0|
|Hopf_algebra|,|0|
|Survey_of_production|,|0|
|Vesuite|,|0|
|Omnium_Gatherum|,|0|
|ISO_3166-2:MF|,|0|
|Greatest_and_least_elements|,|0|
|Arcade_Fire|,|0|
|Battlestar_Galactica_Online|,|0|
|Whitney_embedding_theorem|,|0|
|Yamli|,|0|
|Food_trends|,|0|
|C_dynamic_memory_allocation|,|0|
|Hologram_bracelet|,|0|
|You're_Good_for_Me|,|0|
|Functional_(C++)|,|0|
|Danny_Carey|,|0|
|Wipro|,|0|
|Nina_&_Frederik|,|0|
|Hulme_F1|,|0|
|Albinism_in_popular_culture|,|0|
|Es_Mi_Mujer|,|0|
|Integrated_Operations_in_the_High_North|,|0|
|Outer_space_(mathematics)|,|0|
|Baodingshan|,|0|
|Somebody's_Watching_Me|,|0|
|CD9_(band)|,|0|
|JHDL|,|1|
|One_of_Us_(Joan_Osborne_song)|,|0|
|Zhang_Chunqiao|,|0|
|Genome_diversity_and_karyotype_evolution_of_mammals|,|0|
|Stigler's_law_of_eponymy|,|0|
|Mathieu_group_M22|,|0|
|Roenberg|,|0|
|Roland_SH-101|,|0|
|Nothing_comes_from_nothing|,|0|
|Vault_structuring|,|0|
|Edersee_Dam|,|0|
|Wolf–Rayet_star|,|0|
|Ultima_Evolution|,|0|
|Dip_It_Low|,|0|
|Hilbert's_Theorem_90|,|0|
|Love_Song_(Sara_Bareilles_song)|,|0|
|Innateness_hypothesis|,|0|
|US_Airways_Group|,|0|
|Ecofascism|,|0|
|Consumer_Price_Index_(United_Kingdom)|,|0|
|Albert_Patron|,|0|
|Self-buckling|,|0|
|Ausar_Auset_Society|,|0|
|Kepler-67|,|0|
|Color_rendering_capacity|,|0|
|K77-11|,|0|
|StarLeaf|,|0|
|Bribery|,|0|
|Anaphoric_macro|,|0|
|Atlantis_(song)|,|0|
|YouTube_Kids|,|0|
|Setcontext|,|0|
|Herd_behavior|,|0|
|AnyLogic|,|0|
|Heathenry_(new_religious_movement)|,|0|
|Webbook|,|0|
|Nakayama_Miki|,|0|
|Von_Neumann_cellular_automaton|,|0|
|3D_Wayfinder|,|0|
|Burkhard_Rost|,|0|
|Sky_Commanders|,|0|
|Vertigo|,|0|
|Religious_studies|,|0|
|Tyndall|,|0|
|Management_information_system|,|0|
|Absorptive_capacity|,|0|
|Kirara_Fantasia|,|0|
|Fire_(instant_messaging_client)|,|0|
|Peter_Norfolk|,|0|
|Casanova_(Paulina_Rubio_song)|,|0|
|Yesware|,|0|
|Differential_poset|,|0|
|King_Brothers_Productions|,|0|
|Michel_Gordillo|,|0|
|Quantitative_metathesis|,|0|
|Basel_Committee_on_Banking_Supervision|,|0|
|Bergmagazin|,|0|
|Sailing_at_the_2000_Summer_Olympics_–_Soling|,|0|
|Ceuta|,|0|
|Google_Opinion_Rewards|,|0|
|Persistent_binding|,|0|
|The_True-Born_Englishman|,|0|
|Steilhang|,|0|
|Euclid's_lemma|,|0|
|Global_Critical_Thinking_Project|,|0|
|Timeline_of_intelligent_design|,|0|
|Stroboscopic_effect|,|0|
|Outline_of_the_Dominican_Republic|,|0|
|Outline_of_Chile|,|0|
|Head_to_Toe|,|0|
|Nim|,|0|
|Coxeter_group|,|0|
|Inductive_reasoning_aptitude|,|0|
|Dark_Age_(band)|,|0|
|Knowledge_Engineering_and_Machine_Learning_Group|,|0|
|Go_Now|,|0|
|Thames_A-class_rater|,|0|
|Smart_products|,|0|
|Mu_Librae|,|0|
|Stock_market_crashes_in_Hong_Kong|,|0|
|Functional_theories_of_grammar|,|0|
|BeepCar|,|0|
|Joseph_Bearwalker_Wilson|,|0|
|Parity_graph|,|0|
|Missionary_diplomacy|,|0|
|Shanrendao|,|0|
|SwoonXO|,|0|
|Barakah|,|0|
|Hey!_Spring_of_Trivia|,|0|
|Maia_(star)|,|0|
|Scientology:_A_History_of_Man|,|0|
|Differential_forms_on_a_Riemann_surface|,|0|
|Advertising_elasticity_of_demand|,|0|
|Hanani–Tutte_theorem|,|0|
|Azolla_cristata|,|0|
|SWIG|,|0|
|And_Yet_It_Moves|,|0|
|VectorBase|,|0|
|Coming_out|,|0|
|Every_Rose_Has_Its_Thorn|,|0|
|Salvage_logging|,|0|
|Gelfand–Shilov_space|,|0|
|Neotonic_Software|,|0|
|You_Keep_Me_Hangin'_On|,|0|
|Mitchell_Feigenbaum|,|0|
|Karl-Theodor_zu_Guttenberg|,|0|
|Silva_Ciminia|,|0|
|Kirillov_model|,|0|
|Spirit_of_Guidance|,|0|
|Ecclesiastical_differences_between_the_Catholic_Church_and_the_Eastern_Orthodox_Church|,|0|
|Sleeping_Bride|,|0|
|Beringia_upland_tundra|,|0|
|Windows_Metafile|,|1|
|Clarke's_three_laws|,|0|
|Cosmos_Redshift_7|,|0|
|Seraph|,|0|
|Persian_literature|,|0|
|Wilding_conifer|,|0|
|Patch_Tuesday|,|0|
|Valknut_(software)|,|0|
|Lists_of_Indian_film_clans|,|0|
|Sexual_network|,|0|
|HUI_MIDI_mapping_protocol|,|0|
|Brothers_Grimm|,|0|
|Dupondius|,|0|
|2940_Bacon|,|0|
|Universal_quantification|,|0|
|Runtime_system|,|0|
|HandBrake|,|0|
|Operation_Mural|,|0|
|PolarTREC|,|0|
|Effective_safety_training|,|0|
|IAP_statement_on_population_growth|,|0|
|Compact_operator_on_Hilbert_space|,|0|
|SimPort|,|0|
|Mirror's_Edge|,|0|
|Homological_conjectures_in_commutative_algebra|,|0|
|Cheap_Thrills_(song)|,|0|
|Rollback|,|0|
